delay_ns,scope_name,scope,seed,checkpoint,checkpoint_sha256,total_params,trainable_params,trainable_percent,trainable_names,epochs,batch_size,lr,lambda_reg,device,gpu,elapsed_seconds,sec_per_step_mean,sec_per_step_total,peak_allocated_vram_mib,frozen_parameter_max_diff,history,implementation_assumption
110,partial_small,last_block_plus_head,20260921,runs/current_valid_baseline/training_convergence_100k_5ep_20260916_final_controlled/uacp_predictor_100k_5ep_epoch_3.pt,d3c864788ee7e0e58bbe9f683aa47615039a470258ff054ec2828179b1f23986,11815320,373656,3.162470419760108,"['residual_blocks.31.net.0.weight', 'residual_blocks.31.net.0.bias', 'residual_blocks.31.net.3.weight', 'residual_blocks.31.net.3.bias', 'gamma_head.weight', 'gamma_head.bias', 'psi_head.weight', 'psi_head.bias', 'kappa_head.weight', 'kappa_head.bias', 'nu_head.weight', 'nu_head.bias']",3,8,0.0001,0.001,cuda:0,NVIDIA GB10,130.97155328304507,0.2924535508247403,109.6700815592776,161.5009765625,0.0,"[{'epoch': 1, 'train_loss': -2424.40271875, 'val_loss': -2528.78470703125, 'optimizer_steps': 125, 'checkpoint': 'runs/uncertainty_guided_adaptation_20260923_v8/runs/delay_110ns/partial_small/adapted_epoch_1.pt'}, {'epoch': 2, 'train_loss': -2505.5594951171875, 'val_loss': -2475.2168505859377, 'optimizer_steps': 250, 'checkpoint': 'runs/uncertainty_guided_adaptation_20260923_v8/runs/delay_110ns/partial_small/adapted_epoch_2.pt'}, {'epoch': 3, 'train_loss': -2491.736646484375, 'val_loss': -2508.9915576171875, 'optimizer_steps': 375, 'checkpoint': 'runs/uncertainty_guided_adaptation_20260923_v8/runs/delay_110ns/partial_small/adapted_epoch_3.pt'}]",True
110,partial_medium,last_4_blocks_plus_head,20260921,runs/current_valid_baseline/training_convergence_100k_5ep_20260916_final_controlled/uacp_predictor_100k_5ep_epoch_3.pt,d3c864788ee7e0e58bbe9f683aa47615039a470258ff054ec2828179b1f23986,11815320,1480728,12.532271660860646,"['residual_blocks.28.net.0.weight', 'residual_blocks.28.net.0.bias', 'residual_blocks.28.net.3.weight', 'residual_blocks.28.net.3.bias', 'residual_blocks.29.net.0.weight', 'residual_blocks.29.net.0.bias', 'residual_blocks.29.net.3.weight', 'residual_blocks.29.net.3.bias', 'residual_blocks.30.net.0.weight', 'residual_blocks.30.net.0.bias', 'residual_blocks.30.net.3.weight', 'residual_blocks.30.net.3.bias', 'residual_blocks.31.net.0.weight', 'residual_blocks.31.net.0.bias', 'residual_blocks.31.net.3.weight', 'residual_blocks.31.net.3.bias', 'gamma_head.weight', 'gamma_head.bias', 'psi_head.weight', 'psi_head.bias', 'kappa_head.weight', 'kappa_head.bias', 'nu_head.weight', 'nu_head.bias']",3,8,0.0001,0.001,cuda:0,NVIDIA GB10,141.46240401500836,0.32211293939361346,120.79235227260506,224.2255859375,0.0,"[{'epoch': 1, 'train_loss': -2479.7314921875, 'val_loss': -2573.3716796875, 'optimizer_steps': 125, 'checkpoint': 'runs/uncertainty_guided_adaptation_20260923_v8/runs/delay_110ns/partial_medium/adapted_epoch_1.pt'}, {'epoch': 2, 'train_loss': -2545.7914443359373, 'val_loss': -2510.360732421875, 'optimizer_steps': 250, 'checkpoint': 'runs/uncertainty_guided_adaptation_20260923_v8/runs/delay_110ns/partial_medium/adapted_epoch_2.pt'}, {'epoch': 3, 'train_loss': -2528.6710771484377, 'val_loss': -2545.077314453125, 'optimizer_steps': 375, 'checkpoint': 'runs/uncertainty_guided_adaptation_20260923_v8/runs/delay_110ns/partial_medium/adapted_epoch_3.pt'}]",True
110,partial_large,last_8_blocks_plus_head,20260921,runs/current_valid_baseline/training_convergence_100k_5ep_20260916_final_controlled/uacp_predictor_100k_5ep_epoch_3.pt,d3c864788ee7e0e58bbe9f683aa47615039a470258ff054ec2828179b1f23986,11815320,2956824,25.025339982328028,"['residual_blocks.24.net.0.weight', 'residual_blocks.24.net.0.bias', 'residual_blocks.24.net.3.weight', 'residual_blocks.24.net.3.bias', 'residual_blocks.25.net.0.weight', 'residual_blocks.25.net.0.bias', 'residual_blocks.25.net.3.weight', 'residual_blocks.25.net.3.bias', 'residual_blocks.26.net.0.weight', 'residual_blocks.26.net.0.bias', 'residual_blocks.26.net.3.weight', 'residual_blocks.26.net.3.bias', 'residual_blocks.27.net.0.weight', 'residual_blocks.27.net.0.bias', 'residual_blocks.27.net.3.weight', 'residual_blocks.27.net.3.bias', 'residual_blocks.28.net.0.weight', 'residual_blocks.28.net.0.bias', 'residual_blocks.28.net.3.weight', 'residual_blocks.28.net.3.bias', 'residual_blocks.29.net.0.weight', 'residual_blocks.29.net.0.bias', 'residual_blocks.29.net.3.weight', 'residual_blocks.29.net.3.bias', 'residual_blocks.30.net.0.weight', 'residual_blocks.30.net.0.bias', 'residual_blocks.30.net.3.weight', 'residual_blocks.30.net.3.bias', 'residual_blocks.31.net.0.weight', 'residual_blocks.31.net.0.bias', 'residual_blocks.31.net.3.weight', 'residual_blocks.31.net.3.bias', 'gamma_head.weight', 'gamma_head.bias', 'psi_head.weight', 'psi_head.bias', 'kappa_head.weight', 'kappa_head.bias', 'nu_head.weight', 'nu_head.bias']",3,8,0.0001,0.001,cuda:0,NVIDIA GB10,158.32580869598314,0.3674733272989591,137.80249773710966,309.3583984375,0.0,"[{'epoch': 1, 'train_loss': -2492.149142578125, 'val_loss': -2580.123134765625, 'optimizer_steps': 125, 'checkpoint': 'runs/uncertainty_guided_adaptation_20260923_v8/runs/delay_110ns/partial_large/adapted_epoch_1.pt'}, {'epoch': 2, 'train_loss': -2553.7012216796875, 'val_loss': -2533.527587890625, 'optimizer_steps': 250, 'checkpoint': 'runs/uncertainty_guided_adaptation_20260923_v8/runs/delay_110ns/partial_large/adapted_epoch_2.pt'}, {'epoch': 3, 'train_loss': -2541.28666015625, 'val_loss': -2556.727939453125, 'optimizer_steps': 375, 'checkpoint': 'runs/uncertainty_guided_adaptation_20260923_v8/runs/delay_110ns/partial_large/adapted_epoch_3.pt'}]",True
110,full,full,20260921,runs/current_valid_baseline/training_convergence_100k_5ep_20260916_final_controlled/uacp_predictor_100k_5ep_epoch_3.pt,d3c864788ee7e0e58bbe9f683aa47615039a470258ff054ec2828179b1f23986,11815320,11815320,100.0,"['input_projection.weight', 'input_projection.bias', 'residual_blocks.0.net.0.weight', 'residual_blocks.0.net.0.bias', 'residual_blocks.0.net.3.weight', 'residual_blocks.0.net.3.bias', 'residual_blocks.1.net.0.weight', 'residual_blocks.1.net.0.bias', 'residual_blocks.1.net.3.weight', 'residual_blocks.1.net.3.bias', 'residual_blocks.2.net.0.weight', 'residual_blocks.2.net.0.bias', 'residual_blocks.2.net.3.weight', 'residual_blocks.2.net.3.bias', 'residual_blocks.3.net.0.weight', 'residual_blocks.3.net.0.bias', 'residual_blocks.3.net.3.weight', 'residual_blocks.3.net.3.bias', 'residual_blocks.4.net.0.weight', 'residual_blocks.4.net.0.bias', 'residual_blocks.4.net.3.weight', 'residual_blocks.4.net.3.bias', 'residual_blocks.5.net.0.weight', 'residual_blocks.5.net.0.bias', 'residual_blocks.5.net.3.weight', 'residual_blocks.5.net.3.bias', 'residual_blocks.6.net.0.weight', 'residual_blocks.6.net.0.bias', 'residual_blocks.6.net.3.weight', 'residual_blocks.6.net.3.bias', 'residual_blocks.7.net.0.weight', 'residual_blocks.7.net.0.bias', 'residual_blocks.7.net.3.weight', 'residual_blocks.7.net.3.bias', 'residual_blocks.8.net.0.weight', 'residual_blocks.8.net.0.bias', 'residual_blocks.8.net.3.weight', 'residual_blocks.8.net.3.bias', 'residual_blocks.9.net.0.weight', 'residual_blocks.9.net.0.bias', 'residual_blocks.9.net.3.weight', 'residual_blocks.9.net.3.bias', 'residual_blocks.10.net.0.weight', 'residual_blocks.10.net.0.bias', 'residual_blocks.10.net.3.weight', 'residual_blocks.10.net.3.bias', 'residual_blocks.11.net.0.weight', 'residual_blocks.11.net.0.bias', 'residual_blocks.11.net.3.weight', 'residual_blocks.11.net.3.bias', 'residual_blocks.12.net.0.weight', 'residual_blocks.12.net.0.bias', 'residual_blocks.12.net.3.weight', 'residual_blocks.12.net.3.bias', 'residual_blocks.13.net.0.weight', 'residual_blocks.13.net.0.bias', 'residual_blocks.13.net.3.weight', 'residual_blocks.13.net.3.bias', 'residual_blocks.14.net.0.weight', 'residual_blocks.14.net.0.bias', 'residual_blocks.14.net.3.weight', 'residual_blocks.14.net.3.bias', 'residual_blocks.15.net.0.weight', 'residual_blocks.15.net.0.bias', 'residual_blocks.15.net.3.weight', 'residual_blocks.15.net.3.bias', 'residual_blocks.16.net.0.weight', 'residual_blocks.16.net.0.bias', 'residual_blocks.16.net.3.weight', 'residual_blocks.16.net.3.bias', 'residual_blocks.17.net.0.weight', 'residual_blocks.17.net.0.bias', 'residual_blocks.17.net.3.weight', 'residual_blocks.17.net.3.bias', 'residual_blocks.18.net.0.weight', 'residual_blocks.18.net.0.bias', 'residual_blocks.18.net.3.weight', 'residual_blocks.18.net.3.bias', 'residual_blocks.19.net.0.weight', 'residual_blocks.19.net.0.bias', 'residual_blocks.19.net.3.weight', 'residual_blocks.19.net.3.bias', 'residual_blocks.20.net.0.weight', 'residual_blocks.20.net.0.bias', 'residual_blocks.20.net.3.weight', 'residual_blocks.20.net.3.bias', 'residual_blocks.21.net.0.weight', 'residual_blocks.21.net.0.bias', 'residual_blocks.21.net.3.weight', 'residual_blocks.21.net.3.bias', 'residual_blocks.22.net.0.weight', 'residual_blocks.22.net.0.bias', 'residual_blocks.22.net.3.weight', 'residual_blocks.22.net.3.bias', 'residual_blocks.23.net.0.weight', 'residual_blocks.23.net.0.bias', 'residual_blocks.23.net.3.weight', 'residual_blocks.23.net.3.bias', 'residual_blocks.24.net.0.weight', 'residual_blocks.24.net.0.bias', 'residual_blocks.24.net.3.weight', 'residual_blocks.24.net.3.bias', 'residual_blocks.25.net.0.weight', 'residual_blocks.25.net.0.bias', 'residual_blocks.25.net.3.weight', 'residual_blocks.25.net.3.bias', 'residual_blocks.26.net.0.weight', 'residual_blocks.26.net.0.bias', 'residual_blocks.26.net.3.weight', 'residual_blocks.26.net.3.bias', 'residual_blocks.27.net.0.weight', 'residual_blocks.27.net.0.bias', 'residual_blocks.27.net.3.weight', 'residual_blocks.27.net.3.bias', 'residual_blocks.28.net.0.weight', 'residual_blocks.28.net.0.bias', 'residual_blocks.28.net.3.weight', 'residual_blocks.28.net.3.bias', 'residual_blocks.29.net.0.weight', 'residual_blocks.29.net.0.bias', 'residual_blocks.29.net.3.weight', 'residual_blocks.29.net.3.bias', 'residual_blocks.30.net.0.weight', 'residual_blocks.30.net.0.bias', 'residual_blocks.30.net.3.weight', 'residual_blocks.30.net.3.bias', 'residual_blocks.31.net.0.weight', 'residual_blocks.31.net.0.bias', 'residual_blocks.31.net.3.weight', 'residual_blocks.31.net.3.bias', 'gamma_head.weight', 'gamma_head.bias', 'psi_head.weight', 'psi_head.bias', 'kappa_head.weight', 'kappa_head.bias', 'nu_head.weight', 'nu_head.bias']",3,8,0.0001,0.001,cuda:0,NVIDIA GB10,261.5897390960017,0.6435529927259,241.33237227221252,816.1630859375,0.0,"[{'epoch': 1, 'train_loss': -2414.227142578125, 'val_loss': -2488.404873046875, 'optimizer_steps': 125, 'checkpoint': 'runs/uncertainty_guided_adaptation_20260923_v8/runs/delay_110ns/full/adapted_epoch_1.pt'}, {'epoch': 2, 'train_loss': -2497.42278125, 'val_loss': -2456.4558447265626, 'optimizer_steps': 250, 'checkpoint': 'runs/uncertainty_guided_adaptation_20260923_v8/runs/delay_110ns/full/adapted_epoch_2.pt'}, {'epoch': 3, 'train_loss': -2480.9126279296875, 'val_loss': -2512.2061572265625, 'optimizer_steps': 375, 'checkpoint': 'runs/uncertainty_guided_adaptation_20260923_v8/runs/delay_110ns/full/adapted_epoch_3.pt'}]",True
120,partial_small,last_block_plus_head,20260921,runs/current_valid_baseline/training_convergence_100k_5ep_20260916_final_controlled/uacp_predictor_100k_5ep_epoch_3.pt,d3c864788ee7e0e58bbe9f683aa47615039a470258ff054ec2828179b1f23986,11815320,373656,3.162470419760108,"['residual_blocks.31.net.0.weight', 'residual_blocks.31.net.0.bias', 'residual_blocks.31.net.3.weight', 'residual_blocks.31.net.3.bias', 'gamma_head.weight', 'gamma_head.bias', 'psi_head.weight', 'psi_head.bias', 'kappa_head.weight', 'kappa_head.bias', 'nu_head.weight', 'nu_head.bias']",3,8,0.0001,0.001,cuda:0,NVIDIA GB10,129.69441994902445,0.2897152450646584,108.64321689924691,161.5009765625,0.0,"[{'epoch': 1, 'train_loss': -2332.3653896484375, 'val_loss': -2464.99734375, 'optimizer_steps': 125, 'checkpoint': 'runs/uncertainty_guided_adaptation_20260923_v8/runs/delay_120ns/partial_small/adapted_epoch_1.pt'}, {'epoch': 2, 'train_loss': -2438.18126953125, 'val_loss': -2413.292529296875, 'optimizer_steps': 250, 'checkpoint': 'runs/uncertainty_guided_adaptation_20260923_v8/runs/delay_120ns/partial_small/adapted_epoch_2.pt'}, {'epoch': 3, 'train_loss': -2423.9818037109376, 'val_loss': -2448.4136962890625, 'optimizer_steps': 375, 'checkpoint': 'runs/uncertainty_guided_adaptation_20260923_v8/runs/delay_120ns/partial_small/adapted_epoch_3.pt'}]",True
120,partial_medium,last_4_blocks_plus_head,20260921,runs/current_valid_baseline/training_convergence_100k_5ep_20260916_final_controlled/uacp_predictor_100k_5ep_epoch_3.pt,d3c864788ee7e0e58bbe9f683aa47615039a470258ff054ec2828179b1f23986,11815320,1480728,12.532271660860646,"['residual_blocks.28.net.0.weight', 'residual_blocks.28.net.0.bias', 'residual_blocks.28.net.3.weight', 'residual_blocks.28.net.3.bias', 'residual_blocks.29.net.0.weight', 'residual_blocks.29.net.0.bias', 'residual_blocks.29.net.3.weight', 'residual_blocks.29.net.3.bias', 'residual_blocks.30.net.0.weight', 'residual_blocks.30.net.0.bias', 'residual_blocks.30.net.3.weight', 'residual_blocks.30.net.3.bias', 'residual_blocks.31.net.0.weight', 'residual_blocks.31.net.0.bias', 'residual_blocks.31.net.3.weight', 'residual_blocks.31.net.3.bias', 'gamma_head.weight', 'gamma_head.bias', 'psi_head.weight', 'psi_head.bias', 'kappa_head.weight', 'kappa_head.bias', 'nu_head.weight', 'nu_head.bias']",3,8,0.0001,0.001,cuda:0,NVIDIA GB10,142.17035065899836,0.3231411866187118,121.17794498201692,224.2255859375,0.0,"[{'epoch': 1, 'train_loss': -2412.04495703125, 'val_loss': -2520.87845703125, 'optimizer_steps': 125, 'checkpoint': 'runs/uncertainty_guided_adaptation_20260923_v8/runs/delay_120ns/partial_medium/adapted_epoch_1.pt'}, {'epoch': 2, 'train_loss': -2492.6629697265626, 'val_loss': -2465.536328125, 'optimizer_steps': 250, 'checkpoint': 'runs/uncertainty_guided_adaptation_20260923_v8/runs/delay_120ns/partial_medium/adapted_epoch_2.pt'}, {'epoch': 3, 'train_loss': -2476.6049873046877, 'val_loss': -2488.3454638671874, 'optimizer_steps': 375, 'checkpoint': 'runs/uncertainty_guided_adaptation_20260923_v8/runs/delay_120ns/partial_medium/adapted_epoch_3.pt'}]",True
120,partial_large,last_8_blocks_plus_head,20260921,runs/current_valid_baseline/training_convergence_100k_5ep_20260916_final_controlled/uacp_predictor_100k_5ep_epoch_3.pt,d3c864788ee7e0e58bbe9f683aa47615039a470258ff054ec2828179b1f23986,11815320,2956824,25.025339982328028,"['residual_blocks.24.net.0.weight', 'residual_blocks.24.net.0.bias', 'residual_blocks.24.net.3.weight', 'residual_blocks.24.net.3.bias', 'residual_blocks.25.net.0.weight', 'residual_blocks.25.net.0.bias', 'residual_blocks.25.net.3.weight', 'residual_blocks.25.net.3.bias', 'residual_blocks.26.net.0.weight', 'residual_blocks.26.net.0.bias', 'residual_blocks.26.net.3.weight', 'residual_blocks.26.net.3.bias', 'residual_blocks.27.net.0.weight', 'residual_blocks.27.net.0.bias', 'residual_blocks.27.net.3.weight', 'residual_blocks.27.net.3.bias', 'residual_blocks.28.net.0.weight', 'residual_blocks.28.net.0.bias', 'residual_blocks.28.net.3.weight', 'residual_blocks.28.net.3.bias', 'residual_blocks.29.net.0.weight', 'residual_blocks.29.net.0.bias', 'residual_blocks.29.net.3.weight', 'residual_blocks.29.net.3.bias', 'residual_blocks.30.net.0.weight', 'residual_blocks.30.net.0.bias', 'residual_blocks.30.net.3.weight', 'residual_blocks.30.net.3.bias', 'residual_blocks.31.net.0.weight', 'residual_blocks.31.net.0.bias', 'residual_blocks.31.net.3.weight', 'residual_blocks.31.net.3.bias', 'gamma_head.weight', 'gamma_head.bias', 'psi_head.weight', 'psi_head.bias', 'kappa_head.weight', 'kappa_head.bias', 'nu_head.weight', 'nu_head.bias']",3,8,0.0001,0.001,cuda:0,NVIDIA GB10,162.81868755299365,0.377604376805791,141.60164130217163,309.3583984375,0.0,"[{'epoch': 1, 'train_loss': -2434.351435546875, 'val_loss': -2541.47525390625, 'optimizer_steps': 125, 'checkpoint': 'runs/uncertainty_guided_adaptation_20260923_v8/runs/delay_120ns/partial_large/adapted_epoch_1.pt'}, {'epoch': 2, 'train_loss': -2504.560626953125, 'val_loss': -2477.1457861328126, 'optimizer_steps': 250, 'checkpoint': 'runs/uncertainty_guided_adaptation_20260923_v8/runs/delay_120ns/partial_large/adapted_epoch_2.pt'}, {'epoch': 3, 'train_loss': -2492.9495439453126, 'val_loss': -2517.7996728515627, 'optimizer_steps': 375, 'checkpoint': 'runs/uncertainty_guided_adaptation_20260923_v8/runs/delay_120ns/partial_large/adapted_epoch_3.pt'}]",True
120,full,full,20260921,runs/current_valid_baseline/training_convergence_100k_5ep_20260916_final_controlled/uacp_predictor_100k_5ep_epoch_3.pt,d3c864788ee7e0e58bbe9f683aa47615039a470258ff054ec2828179b1f23986,11815320,11815320,100.0,"['input_projection.weight', 'input_projection.bias', 'residual_blocks.0.net.0.weight', 'residual_blocks.0.net.0.bias', 'residual_blocks.0.net.3.weight', 'residual_blocks.0.net.3.bias', 'residual_blocks.1.net.0.weight', 'residual_blocks.1.net.0.bias', 'residual_blocks.1.net.3.weight', 'residual_blocks.1.net.3.bias', 'residual_blocks.2.net.0.weight', 'residual_blocks.2.net.0.bias', 'residual_blocks.2.net.3.weight', 'residual_blocks.2.net.3.bias', 'residual_blocks.3.net.0.weight', 'residual_blocks.3.net.0.bias', 'residual_blocks.3.net.3.weight', 'residual_blocks.3.net.3.bias', 'residual_blocks.4.net.0.weight', 'residual_blocks.4.net.0.bias', 'residual_blocks.4.net.3.weight', 'residual_blocks.4.net.3.bias', 'residual_blocks.5.net.0.weight', 'residual_blocks.5.net.0.bias', 'residual_blocks.5.net.3.weight', 'residual_blocks.5.net.3.bias', 'residual_blocks.6.net.0.weight', 'residual_blocks.6.net.0.bias', 'residual_blocks.6.net.3.weight', 'residual_blocks.6.net.3.bias', 'residual_blocks.7.net.0.weight', 'residual_blocks.7.net.0.bias', 'residual_blocks.7.net.3.weight', 'residual_blocks.7.net.3.bias', 'residual_blocks.8.net.0.weight', 'residual_blocks.8.net.0.bias', 'residual_blocks.8.net.3.weight', 'residual_blocks.8.net.3.bias', 'residual_blocks.9.net.0.weight', 'residual_blocks.9.net.0.bias', 'residual_blocks.9.net.3.weight', 'residual_blocks.9.net.3.bias', 'residual_blocks.10.net.0.weight', 'residual_blocks.10.net.0.bias', 'residual_blocks.10.net.3.weight', 'residual_blocks.10.net.3.bias', 'residual_blocks.11.net.0.weight', 'residual_blocks.11.net.0.bias', 'residual_blocks.11.net.3.weight', 'residual_blocks.11.net.3.bias', 'residual_blocks.12.net.0.weight', 'residual_blocks.12.net.0.bias', 'residual_blocks.12.net.3.weight', 'residual_blocks.12.net.3.bias', 'residual_blocks.13.net.0.weight', 'residual_blocks.13.net.0.bias', 'residual_blocks.13.net.3.weight', 'residual_blocks.13.net.3.bias', 'residual_blocks.14.net.0.weight', 'residual_blocks.14.net.0.bias', 'residual_blocks.14.net.3.weight', 'residual_blocks.14.net.3.bias', 'residual_blocks.15.net.0.weight', 'residual_blocks.15.net.0.bias', 'residual_blocks.15.net.3.weight', 'residual_blocks.15.net.3.bias', 'residual_blocks.16.net.0.weight', 'residual_blocks.16.net.0.bias', 'residual_blocks.16.net.3.weight', 'residual_blocks.16.net.3.bias', 'residual_blocks.17.net.0.weight', 'residual_blocks.17.net.0.bias', 'residual_blocks.17.net.3.weight', 'residual_blocks.17.net.3.bias', 'residual_blocks.18.net.0.weight', 'residual_blocks.18.net.0.bias', 'residual_blocks.18.net.3.weight', 'residual_blocks.18.net.3.bias', 'residual_blocks.19.net.0.weight', 'residual_blocks.19.net.0.bias', 'residual_blocks.19.net.3.weight', 'residual_blocks.19.net.3.bias', 'residual_blocks.20.net.0.weight', 'residual_blocks.20.net.0.bias', 'residual_blocks.20.net.3.weight', 'residual_blocks.20.net.3.bias', 'residual_blocks.21.net.0.weight', 'residual_blocks.21.net.0.bias', 'residual_blocks.21.net.3.weight', 'residual_blocks.21.net.3.bias', 'residual_blocks.22.net.0.weight', 'residual_blocks.22.net.0.bias', 'residual_blocks.22.net.3.weight', 'residual_blocks.22.net.3.bias', 'residual_blocks.23.net.0.weight', 'residual_blocks.23.net.0.bias', 'residual_blocks.23.net.3.weight', 'residual_blocks.23.net.3.bias', 'residual_blocks.24.net.0.weight', 'residual_blocks.24.net.0.bias', 'residual_blocks.24.net.3.weight', 'residual_blocks.24.net.3.bias', 'residual_blocks.25.net.0.weight', 'residual_blocks.25.net.0.bias', 'residual_blocks.25.net.3.weight', 'residual_blocks.25.net.3.bias', 'residual_blocks.26.net.0.weight', 'residual_blocks.26.net.0.bias', 'residual_blocks.26.net.3.weight', 'residual_blocks.26.net.3.bias', 'residual_blocks.27.net.0.weight', 'residual_blocks.27.net.0.bias', 'residual_blocks.27.net.3.weight', 'residual_blocks.27.net.3.bias', 'residual_blocks.28.net.0.weight', 'residual_blocks.28.net.0.bias', 'residual_blocks.28.net.3.weight', 'residual_blocks.28.net.3.bias', 'residual_blocks.29.net.0.weight', 'residual_blocks.29.net.0.bias', 'residual_blocks.29.net.3.weight', 'residual_blocks.29.net.3.bias', 'residual_blocks.30.net.0.weight', 'residual_blocks.30.net.0.bias', 'residual_blocks.30.net.3.weight', 'residual_blocks.30.net.3.bias', 'residual_blocks.31.net.0.weight', 'residual_blocks.31.net.0.bias', 'residual_blocks.31.net.3.weight', 'residual_blocks.31.net.3.bias', 'gamma_head.weight', 'gamma_head.bias', 'psi_head.weight', 'psi_head.bias', 'kappa_head.weight', 'kappa_head.bias', 'nu_head.weight', 'nu_head.bias']",3,8,0.0001,0.001,cuda:0,NVIDIA GB10,271.2508434629999,0.6653784449518038,249.5169168569264,816.1630859375,0.0,"[{'epoch': 1, 'train_loss': -2382.4670380859375, 'val_loss': -2496.25681640625, 'optimizer_steps': 125, 'checkpoint': 'runs/uncertainty_guided_adaptation_20260923_v8/runs/delay_120ns/full/adapted_epoch_1.pt'}, {'epoch': 2, 'train_loss': -2462.923990234375, 'val_loss': -2421.239345703125, 'optimizer_steps': 250, 'checkpoint': 'runs/uncertainty_guided_adaptation_20260923_v8/runs/delay_120ns/full/adapted_epoch_2.pt'}, {'epoch': 3, 'train_loss': -2433.039171875, 'val_loss': -2448.338740234375, 'optimizer_steps': 375, 'checkpoint': 'runs/uncertainty_guided_adaptation_20260923_v8/runs/delay_120ns/full/adapted_epoch_3.pt'}]",True
140,partial_small,last_block_plus_head,20260921,runs/current_valid_baseline/training_convergence_100k_5ep_20260916_final_controlled/uacp_predictor_100k_5ep_epoch_3.pt,d3c864788ee7e0e58bbe9f683aa47615039a470258ff054ec2828179b1f23986,11815320,373656,3.162470419760108,"['residual_blocks.31.net.0.weight', 'residual_blocks.31.net.0.bias', 'residual_blocks.31.net.3.weight', 'residual_blocks.31.net.3.bias', 'gamma_head.weight', 'gamma_head.bias', 'psi_head.weight', 'psi_head.bias', 'kappa_head.weight', 'kappa_head.bias', 'nu_head.weight', 'nu_head.bias']",3,8,0.0001,0.001,cuda:0,NVIDIA GB10,136.2633959390223,0.3050226067295298,114.38347752357367,161.5009765625,0.0,"[{'epoch': 1, 'train_loss': -2094.1526337890623, 'val_loss': -2264.7307470703126, 'optimizer_steps': 125, 'checkpoint': 'runs/uncertainty_guided_adaptation_20260923_v8/runs/delay_140ns/partial_small/adapted_epoch_1.pt'}, {'epoch': 2, 'train_loss': -2253.2520498046874, 'val_loss': -2221.5303173828124, 'optimizer_steps': 250, 'checkpoint': 'runs/uncertainty_guided_adaptation_20260923_v8/runs/delay_140ns/partial_small/adapted_epoch_2.pt'}, {'epoch': 3, 'train_loss': -2251.310962890625, 'val_loss': -2259.6084521484377, 'optimizer_steps': 375, 'checkpoint': 'runs/uncertainty_guided_adaptation_20260923_v8/runs/delay_140ns/partial_small/adapted_epoch_3.pt'}]",True
140,partial_medium,last_4_blocks_plus_head,20260921,runs/current_valid_baseline/training_convergence_100k_5ep_20260916_final_controlled/uacp_predictor_100k_5ep_epoch_3.pt,d3c864788ee7e0e58bbe9f683aa47615039a470258ff054ec2828179b1f23986,11815320,1480728,12.532271660860646,"['residual_blocks.28.net.0.weight', 'residual_blocks.28.net.0.bias', 'residual_blocks.28.net.3.weight', 'residual_blocks.28.net.3.bias', 'residual_blocks.29.net.0.weight', 'residual_blocks.29.net.0.bias', 'residual_blocks.29.net.3.weight', 'residual_blocks.29.net.3.bias', 'residual_blocks.30.net.0.weight', 'residual_blocks.30.net.0.bias', 'residual_blocks.30.net.3.weight', 'residual_blocks.30.net.3.bias', 'residual_blocks.31.net.0.weight', 'residual_blocks.31.net.0.bias', 'residual_blocks.31.net.3.weight', 'residual_blocks.31.net.3.bias', 'gamma_head.weight', 'gamma_head.bias', 'psi_head.weight', 'psi_head.bias', 'kappa_head.weight', 'kappa_head.bias', 'nu_head.weight', 'nu_head.bias']",3,8,0.0001,0.001,cuda:0,NVIDIA GB10,150.96269895101432,0.343859485132775,128.9473069247906,224.2255859375,0.0,"[{'epoch': 1, 'train_loss': -2233.22505078125, 'val_loss': -2360.96830078125, 'optimizer_steps': 125, 'checkpoint': 'runs/uncertainty_guided_adaptation_20260923_v8/runs/delay_140ns/partial_medium/adapted_epoch_1.pt'}, {'epoch': 2, 'train_loss': -2344.7293701171875, 'val_loss': -2308.8168359375, 'optimizer_steps': 250, 'checkpoint': 'runs/uncertainty_guided_adaptation_20260923_v8/runs/delay_140ns/partial_medium/adapted_epoch_2.pt'}, {'epoch': 3, 'train_loss': -2335.780748046875, 'val_loss': -2334.6478515625, 'optimizer_steps': 375, 'checkpoint': 'runs/uncertainty_guided_adaptation_20260923_v8/runs/delay_140ns/partial_medium/adapted_epoch_3.pt'}]",True
140,partial_large,last_8_blocks_plus_head,20260921,runs/current_valid_baseline/training_convergence_100k_5ep_20260916_final_controlled/uacp_predictor_100k_5ep_epoch_3.pt,d3c864788ee7e0e58bbe9f683aa47615039a470258ff054ec2828179b1f23986,11815320,2956824,25.025339982328028,"['residual_blocks.24.net.0.weight', 'residual_blocks.24.net.0.bias', 'residual_blocks.24.net.3.weight', 'residual_blocks.24.net.3.bias', 'residual_blocks.25.net.0.weight', 'residual_blocks.25.net.0.bias', 'residual_blocks.25.net.3.weight', 'residual_blocks.25.net.3.bias', 'residual_blocks.26.net.0.weight', 'residual_blocks.26.net.0.bias', 'residual_blocks.26.net.3.weight', 'residual_blocks.26.net.3.bias', 'residual_blocks.27.net.0.weight', 'residual_blocks.27.net.0.bias', 'residual_blocks.27.net.3.weight', 'residual_blocks.27.net.3.bias', 'residual_blocks.28.net.0.weight', 'residual_blocks.28.net.0.bias', 'residual_blocks.28.net.3.weight', 'residual_blocks.28.net.3.bias', 'residual_blocks.29.net.0.weight', 'residual_blocks.29.net.0.bias', 'residual_blocks.29.net.3.weight', 'residual_blocks.29.net.3.bias', 'residual_blocks.30.net.0.weight', 'residual_blocks.30.net.0.bias', 'residual_blocks.30.net.3.weight', 'residual_blocks.30.net.3.bias', 'residual_blocks.31.net.0.weight', 'residual_blocks.31.net.0.bias', 'residual_blocks.31.net.3.weight', 'residual_blocks.31.net.3.bias', 'gamma_head.weight', 'gamma_head.bias', 'psi_head.weight', 'psi_head.bias', 'kappa_head.weight', 'kappa_head.bias', 'nu_head.weight', 'nu_head.bias']",3,8,0.0001,0.001,cuda:0,NVIDIA GB10,163.31088130001444,0.37885095181223005,142.06910692958627,309.3583984375,0.0,"[{'epoch': 1, 'train_loss': -2271.8389677734376, 'val_loss': -2386.1675, 'optimizer_steps': 125, 'checkpoint': 'runs/uncertainty_guided_adaptation_20260923_v8/runs/delay_140ns/partial_large/adapted_epoch_1.pt'}, {'epoch': 2, 'train_loss': -2367.0160771484375, 'val_loss': -2333.6462255859374, 'optimizer_steps': 250, 'checkpoint': 'runs/uncertainty_guided_adaptation_20260923_v8/runs/delay_140ns/partial_large/adapted_epoch_2.pt'}, {'epoch': 3, 'train_loss': -2360.1222431640626, 'val_loss': -2348.9025439453126, 'optimizer_steps': 375, 'checkpoint': 'runs/uncertainty_guided_adaptation_20260923_v8/runs/delay_140ns/partial_large/adapted_epoch_3.pt'}]",True
140,full,full,20260921,runs/current_valid_baseline/training_convergence_100k_5ep_20260916_final_controlled/uacp_predictor_100k_5ep_epoch_3.pt,d3c864788ee7e0e58bbe9f683aa47615039a470258ff054ec2828179b1f23986,11815320,11815320,100.0,"['input_projection.weight', 'input_projection.bias', 'residual_blocks.0.net.0.weight', 'residual_blocks.0.net.0.bias', 'residual_blocks.0.net.3.weight', 'residual_blocks.0.net.3.bias', 'residual_blocks.1.net.0.weight', 'residual_blocks.1.net.0.bias', 'residual_blocks.1.net.3.weight', 'residual_blocks.1.net.3.bias', 'residual_blocks.2.net.0.weight', 'residual_blocks.2.net.0.bias', 'residual_blocks.2.net.3.weight', 'residual_blocks.2.net.3.bias', 'residual_blocks.3.net.0.weight', 'residual_blocks.3.net.0.bias', 'residual_blocks.3.net.3.weight', 'residual_blocks.3.net.3.bias', 'residual_blocks.4.net.0.weight', 'residual_blocks.4.net.0.bias', 'residual_blocks.4.net.3.weight', 'residual_blocks.4.net.3.bias', 'residual_blocks.5.net.0.weight', 'residual_blocks.5.net.0.bias', 'residual_blocks.5.net.3.weight', 'residual_blocks.5.net.3.bias', 'residual_blocks.6.net.0.weight', 'residual_blocks.6.net.0.bias', 'residual_blocks.6.net.3.weight', 'residual_blocks.6.net.3.bias', 'residual_blocks.7.net.0.weight', 'residual_blocks.7.net.0.bias', 'residual_blocks.7.net.3.weight', 'residual_blocks.7.net.3.bias', 'residual_blocks.8.net.0.weight', 'residual_blocks.8.net.0.bias', 'residual_blocks.8.net.3.weight', 'residual_blocks.8.net.3.bias', 'residual_blocks.9.net.0.weight', 'residual_blocks.9.net.0.bias', 'residual_blocks.9.net.3.weight', 'residual_blocks.9.net.3.bias', 'residual_blocks.10.net.0.weight', 'residual_blocks.10.net.0.bias', 'residual_blocks.10.net.3.weight', 'residual_blocks.10.net.3.bias', 'residual_blocks.11.net.0.weight', 'residual_blocks.11.net.0.bias', 'residual_blocks.11.net.3.weight', 'residual_blocks.11.net.3.bias', 'residual_blocks.12.net.0.weight', 'residual_blocks.12.net.0.bias', 'residual_blocks.12.net.3.weight', 'residual_blocks.12.net.3.bias', 'residual_blocks.13.net.0.weight', 'residual_blocks.13.net.0.bias', 'residual_blocks.13.net.3.weight', 'residual_blocks.13.net.3.bias', 'residual_blocks.14.net.0.weight', 'residual_blocks.14.net.0.bias', 'residual_blocks.14.net.3.weight', 'residual_blocks.14.net.3.bias', 'residual_blocks.15.net.0.weight', 'residual_blocks.15.net.0.bias', 'residual_blocks.15.net.3.weight', 'residual_blocks.15.net.3.bias', 'residual_blocks.16.net.0.weight', 'residual_blocks.16.net.0.bias', 'residual_blocks.16.net.3.weight', 'residual_blocks.16.net.3.bias', 'residual_blocks.17.net.0.weight', 'residual_blocks.17.net.0.bias', 'residual_blocks.17.net.3.weight', 'residual_blocks.17.net.3.bias', 'residual_blocks.18.net.0.weight', 'residual_blocks.18.net.0.bias', 'residual_blocks.18.net.3.weight', 'residual_blocks.18.net.3.bias', 'residual_blocks.19.net.0.weight', 'residual_blocks.19.net.0.bias', 'residual_blocks.19.net.3.weight', 'residual_blocks.19.net.3.bias', 'residual_blocks.20.net.0.weight', 'residual_blocks.20.net.0.bias', 'residual_blocks.20.net.3.weight', 'residual_blocks.20.net.3.bias', 'residual_blocks.21.net.0.weight', 'residual_blocks.21.net.0.bias', 'residual_blocks.21.net.3.weight', 'residual_blocks.21.net.3.bias', 'residual_blocks.22.net.0.weight', 'residual_blocks.22.net.0.bias', 'residual_blocks.22.net.3.weight', 'residual_blocks.22.net.3.bias', 'residual_blocks.23.net.0.weight', 'residual_blocks.23.net.0.bias', 'residual_blocks.23.net.3.weight', 'residual_blocks.23.net.3.bias', 'residual_blocks.24.net.0.weight', 'residual_blocks.24.net.0.bias', 'residual_blocks.24.net.3.weight', 'residual_blocks.24.net.3.bias', 'residual_blocks.25.net.0.weight', 'residual_blocks.25.net.0.bias', 'residual_blocks.25.net.3.weight', 'residual_blocks.25.net.3.bias', 'residual_blocks.26.net.0.weight', 'residual_blocks.26.net.0.bias', 'residual_blocks.26.net.3.weight', 'residual_blocks.26.net.3.bias', 'residual_blocks.27.net.0.weight', 'residual_blocks.27.net.0.bias', 'residual_blocks.27.net.3.weight', 'residual_blocks.27.net.3.bias', 'residual_blocks.28.net.0.weight', 'residual_blocks.28.net.0.bias', 'residual_blocks.28.net.3.weight', 'residual_blocks.28.net.3.bias', 'residual_blocks.29.net.0.weight', 'residual_blocks.29.net.0.bias', 'residual_blocks.29.net.3.weight', 'residual_blocks.29.net.3.bias', 'residual_blocks.30.net.0.weight', 'residual_blocks.30.net.0.bias', 'residual_blocks.30.net.3.weight', 'residual_blocks.30.net.3.bias', 'residual_blocks.31.net.0.weight', 'residual_blocks.31.net.0.bias', 'residual_blocks.31.net.3.weight', 'residual_blocks.31.net.3.bias', 'gamma_head.weight', 'gamma_head.bias', 'psi_head.weight', 'psi_head.bias', 'kappa_head.weight', 'kappa_head.bias', 'nu_head.weight', 'nu_head.bias']",3,8,0.0001,0.001,cuda:0,NVIDIA GB10,248.24148635397432,0.6096444995550749,228.6166873331531,816.1630859375,0.0,"[{'epoch': 1, 'train_loss': -2249.7173759765624, 'val_loss': -2324.9823828125, 'optimizer_steps': 125, 'checkpoint': 'runs/uncertainty_guided_adaptation_20260923_v8/runs/delay_140ns/full/adapted_epoch_1.pt'}, {'epoch': 2, 'train_loss': -2333.5298046875, 'val_loss': -2310.40322265625, 'optimizer_steps': 250, 'checkpoint': 'runs/uncertainty_guided_adaptation_20260923_v8/runs/delay_140ns/full/adapted_epoch_2.pt'}, {'epoch': 3, 'train_loss': -2314.5853427734373, 'val_loss': -2318.18056640625, 'optimizer_steps': 375, 'checkpoint': 'runs/uncertainty_guided_adaptation_20260923_v8/runs/delay_140ns/full/adapted_epoch_3.pt'}]",True
160,partial_small,last_block_plus_head,20260921,runs/current_valid_baseline/training_convergence_100k_5ep_20260916_final_controlled/uacp_predictor_100k_5ep_epoch_3.pt,d3c864788ee7e0e58bbe9f683aa47615039a470258ff054ec2828179b1f23986,11815320,373656,3.162470419760108,"['residual_blocks.31.net.0.weight', 'residual_blocks.31.net.0.bias', 'residual_blocks.31.net.3.weight', 'residual_blocks.31.net.3.bias', 'gamma_head.weight', 'gamma_head.bias', 'psi_head.weight', 'psi_head.bias', 'kappa_head.weight', 'kappa_head.bias', 'nu_head.weight', 'nu_head.bias']",3,8,0.0001,0.001,cuda:0,NVIDIA GB10,119.29089343000669,0.2681842360898542,100.56908853369532,161.5009765625,0.0,"[{'epoch': 1, 'train_loss': -1878.4717998046874, 'val_loss': -2115.6808447265626, 'optimizer_steps': 125, 'checkpoint': 'runs/uncertainty_guided_adaptation_20260923_v8/runs/delay_160ns/partial_small/adapted_epoch_1.pt'}, {'epoch': 2, 'train_loss': -2097.1832900390623, 'val_loss': -2080.8778076171875, 'optimizer_steps': 250, 'checkpoint': 'runs/uncertainty_guided_adaptation_20260923_v8/runs/delay_160ns/partial_small/adapted_epoch_2.pt'}, {'epoch': 3, 'train_loss': -2106.7001025390623, 'val_loss': -2117.1217724609373, 'optimizer_steps': 375, 'checkpoint': 'runs/uncertainty_guided_adaptation_20260923_v8/runs/delay_160ns/partial_small/adapted_epoch_3.pt'}]",True
160,partial_medium,last_4_blocks_plus_head,20260921,runs/current_valid_baseline/training_convergence_100k_5ep_20260916_final_controlled/uacp_predictor_100k_5ep_epoch_3.pt,d3c864788ee7e0e58bbe9f683aa47615039a470258ff054ec2828179b1f23986,11815320,1480728,12.532271660860646,"['residual_blocks.28.net.0.weight', 'residual_blocks.28.net.0.bias', 'residual_blocks.28.net.3.weight', 'residual_blocks.28.net.3.bias', 'residual_blocks.29.net.0.weight', 'residual_blocks.29.net.0.bias', 'residual_blocks.29.net.3.weight', 'residual_blocks.29.net.3.bias', 'residual_blocks.30.net.0.weight', 'residual_blocks.30.net.0.bias', 'residual_blocks.30.net.3.weight', 'residual_blocks.30.net.3.bias', 'residual_blocks.31.net.0.weight', 'residual_blocks.31.net.0.bias', 'residual_blocks.31.net.3.weight', 'residual_blocks.31.net.3.bias', 'gamma_head.weight', 'gamma_head.bias', 'psi_head.weight', 'psi_head.bias', 'kappa_head.weight', 'kappa_head.bias', 'nu_head.weight', 'nu_head.bias']",3,8,0.0001,0.001,cuda:0,NVIDIA GB10,128.4130298399832,0.2918624477428384,109.4484179035644,224.2255859375,0.0,"[{'epoch': 1, 'train_loss': -2073.3470419921873, 'val_loss': -2247.901669921875, 'optimizer_steps': 125, 'checkpoint': 'runs/uncertainty_guided_adaptation_20260923_v8/runs/delay_160ns/partial_medium/adapted_epoch_1.pt'}, {'epoch': 2, 'train_loss': -2222.1458798828126, 'val_loss': -2194.03345703125, 'optimizer_steps': 250, 'checkpoint': 'runs/uncertainty_guided_adaptation_20260923_v8/runs/delay_160ns/partial_medium/adapted_epoch_2.pt'}, {'epoch': 3, 'train_loss': -2222.8695419921874, 'val_loss': -2226.009599609375, 'optimizer_steps': 375, 'checkpoint': 'runs/uncertainty_guided_adaptation_20260923_v8/runs/delay_160ns/partial_medium/adapted_epoch_3.pt'}]",True
160,partial_large,last_8_blocks_plus_head,20260921,runs/current_valid_baseline/training_convergence_100k_5ep_20260916_final_controlled/uacp_predictor_100k_5ep_epoch_3.pt,d3c864788ee7e0e58bbe9f683aa47615039a470258ff054ec2828179b1f23986,11815320,2956824,25.025339982328028,"['residual_blocks.24.net.0.weight', 'residual_blocks.24.net.0.bias', 'residual_blocks.24.net.3.weight', 'residual_blocks.24.net.3.bias', 'residual_blocks.25.net.0.weight', 'residual_blocks.25.net.0.bias', 'residual_blocks.25.net.3.weight', 'residual_blocks.25.net.3.bias', 'residual_blocks.26.net.0.weight', 'residual_blocks.26.net.0.bias', 'residual_blocks.26.net.3.weight', 'residual_blocks.26.net.3.bias', 'residual_blocks.27.net.0.weight', 'residual_blocks.27.net.0.bias', 'residual_blocks.27.net.3.weight', 'residual_blocks.27.net.3.bias', 'residual_blocks.28.net.0.weight', 'residual_blocks.28.net.0.bias', 'residual_blocks.28.net.3.weight', 'residual_blocks.28.net.3.bias', 'residual_blocks.29.net.0.weight', 'residual_blocks.29.net.0.bias', 'residual_blocks.29.net.3.weight', 'residual_blocks.29.net.3.bias', 'residual_blocks.30.net.0.weight', 'residual_blocks.30.net.0.bias', 'residual_blocks.30.net.3.weight', 'residual_blocks.30.net.3.bias', 'residual_blocks.31.net.0.weight', 'residual_blocks.31.net.0.bias', 'residual_blocks.31.net.3.weight', 'residual_blocks.31.net.3.bias', 'gamma_head.weight', 'gamma_head.bias', 'psi_head.weight', 'psi_head.bias', 'kappa_head.weight', 'kappa_head.bias', 'nu_head.weight', 'nu_head.bias']",3,8,0.0001,0.001,cuda:0,NVIDIA GB10,146.17012356198393,0.33923774568891774,127.21415463334415,309.3583984375,0.0,"[{'epoch': 1, 'train_loss': -2129.44471875, 'val_loss': -2270.5250390625, 'optimizer_steps': 125, 'checkpoint': 'runs/uncertainty_guided_adaptation_20260923_v8/runs/delay_160ns/partial_large/adapted_epoch_1.pt'}, {'epoch': 2, 'train_loss': -2248.6280244140626, 'val_loss': -2219.118271484375, 'optimizer_steps': 250, 'checkpoint': 'runs/uncertainty_guided_adaptation_20260923_v8/runs/delay_160ns/partial_large/adapted_epoch_2.pt'}, {'epoch': 3, 'train_loss': -2254.279470703125, 'val_loss': -2254.5124365234374, 'optimizer_steps': 375, 'checkpoint': 'runs/uncertainty_guided_adaptation_20260923_v8/runs/delay_160ns/partial_large/adapted_epoch_3.pt'}]",True
160,full,full,20260921,runs/current_valid_baseline/training_convergence_100k_5ep_20260916_final_controlled/uacp_predictor_100k_5ep_epoch_3.pt,d3c864788ee7e0e58bbe9f683aa47615039a470258ff054ec2828179b1f23986,11815320,11815320,100.0,"['input_projection.weight', 'input_projection.bias', 'residual_blocks.0.net.0.weight', 'residual_blocks.0.net.0.bias', 'residual_blocks.0.net.3.weight', 'residual_blocks.0.net.3.bias', 'residual_blocks.1.net.0.weight', 'residual_blocks.1.net.0.bias', 'residual_blocks.1.net.3.weight', 'residual_blocks.1.net.3.bias', 'residual_blocks.2.net.0.weight', 'residual_blocks.2.net.0.bias', 'residual_blocks.2.net.3.weight', 'residual_blocks.2.net.3.bias', 'residual_blocks.3.net.0.weight', 'residual_blocks.3.net.0.bias', 'residual_blocks.3.net.3.weight', 'residual_blocks.3.net.3.bias', 'residual_blocks.4.net.0.weight', 'residual_blocks.4.net.0.bias', 'residual_blocks.4.net.3.weight', 'residual_blocks.4.net.3.bias', 'residual_blocks.5.net.0.weight', 'residual_blocks.5.net.0.bias', 'residual_blocks.5.net.3.weight', 'residual_blocks.5.net.3.bias', 'residual_blocks.6.net.0.weight', 'residual_blocks.6.net.0.bias', 'residual_blocks.6.net.3.weight', 'residual_blocks.6.net.3.bias', 'residual_blocks.7.net.0.weight', 'residual_blocks.7.net.0.bias', 'residual_blocks.7.net.3.weight', 'residual_blocks.7.net.3.bias', 'residual_blocks.8.net.0.weight', 'residual_blocks.8.net.0.bias', 'residual_blocks.8.net.3.weight', 'residual_blocks.8.net.3.bias', 'residual_blocks.9.net.0.weight', 'residual_blocks.9.net.0.bias', 'residual_blocks.9.net.3.weight', 'residual_blocks.9.net.3.bias', 'residual_blocks.10.net.0.weight', 'residual_blocks.10.net.0.bias', 'residual_blocks.10.net.3.weight', 'residual_blocks.10.net.3.bias', 'residual_blocks.11.net.0.weight', 'residual_blocks.11.net.0.bias', 'residual_blocks.11.net.3.weight', 'residual_blocks.11.net.3.bias', 'residual_blocks.12.net.0.weight', 'residual_blocks.12.net.0.bias', 'residual_blocks.12.net.3.weight', 'residual_blocks.12.net.3.bias', 'residual_blocks.13.net.0.weight', 'residual_blocks.13.net.0.bias', 'residual_blocks.13.net.3.weight', 'residual_blocks.13.net.3.bias', 'residual_blocks.14.net.0.weight', 'residual_blocks.14.net.0.bias', 'residual_blocks.14.net.3.weight', 'residual_blocks.14.net.3.bias', 'residual_blocks.15.net.0.weight', 'residual_blocks.15.net.0.bias', 'residual_blocks.15.net.3.weight', 'residual_blocks.15.net.3.bias', 'residual_blocks.16.net.0.weight', 'residual_blocks.16.net.0.bias', 'residual_blocks.16.net.3.weight', 'residual_blocks.16.net.3.bias', 'residual_blocks.17.net.0.weight', 'residual_blocks.17.net.0.bias', 'residual_blocks.17.net.3.weight', 'residual_blocks.17.net.3.bias', 'residual_blocks.18.net.0.weight', 'residual_blocks.18.net.0.bias', 'residual_blocks.18.net.3.weight', 'residual_blocks.18.net.3.bias', 'residual_blocks.19.net.0.weight', 'residual_blocks.19.net.0.bias', 'residual_blocks.19.net.3.weight', 'residual_blocks.19.net.3.bias', 'residual_blocks.20.net.0.weight', 'residual_blocks.20.net.0.bias', 'residual_blocks.20.net.3.weight', 'residual_blocks.20.net.3.bias', 'residual_blocks.21.net.0.weight', 'residual_blocks.21.net.0.bias', 'residual_blocks.21.net.3.weight', 'residual_blocks.21.net.3.bias', 'residual_blocks.22.net.0.weight', 'residual_blocks.22.net.0.bias', 'residual_blocks.22.net.3.weight', 'residual_blocks.22.net.3.bias', 'residual_blocks.23.net.0.weight', 'residual_blocks.23.net.0.bias', 'residual_blocks.23.net.3.weight', 'residual_blocks.23.net.3.bias', 'residual_blocks.24.net.0.weight', 'residual_blocks.24.net.0.bias', 'residual_blocks.24.net.3.weight', 'residual_blocks.24.net.3.bias', 'residual_blocks.25.net.0.weight', 'residual_blocks.25.net.0.bias', 'residual_blocks.25.net.3.weight', 'residual_blocks.25.net.3.bias', 'residual_blocks.26.net.0.weight', 'residual_blocks.26.net.0.bias', 'residual_blocks.26.net.3.weight', 'residual_blocks.26.net.3.bias', 'residual_blocks.27.net.0.weight', 'residual_blocks.27.net.0.bias', 'residual_blocks.27.net.3.weight', 'residual_blocks.27.net.3.bias', 'residual_blocks.28.net.0.weight', 'residual_blocks.28.net.0.bias', 'residual_blocks.28.net.3.weight', 'residual_blocks.28.net.3.bias', 'residual_blocks.29.net.0.weight', 'residual_blocks.29.net.0.bias', 'residual_blocks.29.net.3.weight', 'residual_blocks.29.net.3.bias', 'residual_blocks.30.net.0.weight', 'residual_blocks.30.net.0.bias', 'residual_blocks.30.net.3.weight', 'residual_blocks.30.net.3.bias', 'residual_blocks.31.net.0.weight', 'residual_blocks.31.net.0.bias', 'residual_blocks.31.net.3.weight', 'residual_blocks.31.net.3.bias', 'gamma_head.weight', 'gamma_head.bias', 'psi_head.weight', 'psi_head.bias', 'kappa_head.weight', 'kappa_head.bias', 'nu_head.weight', 'nu_head.bias']",3,8,0.0001,0.001,cuda:0,NVIDIA GB10,240.49548601999413,0.5898356992881745,221.18838723306544,816.1630859375,0.0,"[{'epoch': 1, 'train_loss': -2124.576046875, 'val_loss': -2216.9319677734375, 'optimizer_steps': 125, 'checkpoint': 'runs/uncertainty_guided_adaptation_20260923_v8/runs/delay_160ns/full/adapted_epoch_1.pt'}, {'epoch': 2, 'train_loss': -2224.7970576171874, 'val_loss': -2182.3608154296876, 'optimizer_steps': 250, 'checkpoint': 'runs/uncertainty_guided_adaptation_20260923_v8/runs/delay_160ns/full/adapted_epoch_2.pt'}, {'epoch': 3, 'train_loss': -2216.3585859375, 'val_loss': -2217.419541015625, 'optimizer_steps': 375, 'checkpoint': 'runs/uncertainty_guided_adaptation_20260923_v8/runs/delay_160ns/full/adapted_epoch_3.pt'}]",True
200,partial_small,last_block_plus_head,20260921,runs/current_valid_baseline/training_convergence_100k_5ep_20260916_final_controlled/uacp_predictor_100k_5ep_epoch_3.pt,d3c864788ee7e0e58bbe9f683aa47615039a470258ff054ec2828179b1f23986,11815320,373656,3.162470419760108,"['residual_blocks.31.net.0.weight', 'residual_blocks.31.net.0.bias', 'residual_blocks.31.net.3.weight', 'residual_blocks.31.net.3.bias', 'gamma_head.weight', 'gamma_head.bias', 'psi_head.weight', 'psi_head.bias', 'kappa_head.weight', 'kappa_head.bias', 'nu_head.weight', 'nu_head.bias']",3,8,0.0001,0.001,cuda:0,NVIDIA GB10,119.24757923500147,0.2667907012999058,100.04651298746467,161.5009765625,0.0,"[{'epoch': 1, 'train_loss': -1518.0693474121094, 'val_loss': -1800.8478515625, 'optimizer_steps': 125, 'checkpoint': 'runs/uncertainty_guided_adaptation_20260923_v8/runs/delay_200ns/partial_small/adapted_epoch_1.pt'}, {'epoch': 2, 'train_loss': -1790.477373046875, 'val_loss': -1765.8325854492186, 'optimizer_steps': 250, 'checkpoint': 'runs/uncertainty_guided_adaptation_20260923_v8/runs/delay_200ns/partial_small/adapted_epoch_2.pt'}, {'epoch': 3, 'train_loss': -1808.1684169921875, 'val_loss': -1819.9086279296876, 'optimizer_steps': 375, 'checkpoint': 'runs/uncertainty_guided_adaptation_20260923_v8/runs/delay_200ns/partial_small/adapted_epoch_3.pt'}]",True
200,partial_medium,last_4_blocks_plus_head,20260921,runs/current_valid_baseline/training_convergence_100k_5ep_20260916_final_controlled/uacp_predictor_100k_5ep_epoch_3.pt,d3c864788ee7e0e58bbe9f683aa47615039a470258ff054ec2828179b1f23986,11815320,1480728,12.532271660860646,"['residual_blocks.28.net.0.weight', 'residual_blocks.28.net.0.bias', 'residual_blocks.28.net.3.weight', 'residual_blocks.28.net.3.bias', 'residual_blocks.29.net.0.weight', 'residual_blocks.29.net.0.bias', 'residual_blocks.29.net.3.weight', 'residual_blocks.29.net.3.bias', 'residual_blocks.30.net.0.weight', 'residual_blocks.30.net.0.bias', 'residual_blocks.30.net.3.weight', 'residual_blocks.30.net.3.bias', 'residual_blocks.31.net.0.weight', 'residual_blocks.31.net.0.bias', 'residual_blocks.31.net.3.weight', 'residual_blocks.31.net.3.bias', 'gamma_head.weight', 'gamma_head.bias', 'psi_head.weight', 'psi_head.bias', 'kappa_head.weight', 'kappa_head.bias', 'nu_head.weight', 'nu_head.bias']",3,8,0.0001,0.001,cuda:0,NVIDIA GB10,129.78637667099247,0.2945055315946229,110.43957434798358,224.2255859375,0.0,"[{'epoch': 1, 'train_loss': -1767.9599365234376, 'val_loss': -1965.125166015625, 'optimizer_steps': 125, 'checkpoint': 'runs/uncertainty_guided_adaptation_20260923_v8/runs/delay_200ns/partial_medium/adapted_epoch_1.pt'}, {'epoch': 2, 'train_loss': -1953.2413310546874, 'val_loss': -1918.69158203125, 'optimizer_steps': 250, 'checkpoint': 'runs/uncertainty_guided_adaptation_20260923_v8/runs/delay_200ns/partial_medium/adapted_epoch_2.pt'}, {'epoch': 3, 'train_loss': -1956.837173828125, 'val_loss': -1951.79544921875, 'optimizer_steps': 375, 'checkpoint': 'runs/uncertainty_guided_adaptation_20260923_v8/runs/delay_200ns/partial_medium/adapted_epoch_3.pt'}]",True
200,partial_large,last_8_blocks_plus_head,20260921,runs/current_valid_baseline/training_convergence_100k_5ep_20260916_final_controlled/uacp_predictor_100k_5ep_epoch_3.pt,d3c864788ee7e0e58bbe9f683aa47615039a470258ff054ec2828179b1f23986,11815320,2956824,25.025339982328028,"['residual_blocks.24.net.0.weight', 'residual_blocks.24.net.0.bias', 'residual_blocks.24.net.3.weight', 'residual_blocks.24.net.3.bias', 'residual_blocks.25.net.0.weight', 'residual_blocks.25.net.0.bias', 'residual_blocks.25.net.3.weight', 'residual_blocks.25.net.3.bias', 'residual_blocks.26.net.0.weight', 'residual_blocks.26.net.0.bias', 'residual_blocks.26.net.3.weight', 'residual_blocks.26.net.3.bias', 'residual_blocks.27.net.0.weight', 'residual_blocks.27.net.0.bias', 'residual_blocks.27.net.3.weight', 'residual_blocks.27.net.3.bias', 'residual_blocks.28.net.0.weight', 'residual_blocks.28.net.0.bias', 'residual_blocks.28.net.3.weight', 'residual_blocks.28.net.3.bias', 'residual_blocks.29.net.0.weight', 'residual_blocks.29.net.0.bias', 'residual_blocks.29.net.3.weight', 'residual_blocks.29.net.3.bias', 'residual_blocks.30.net.0.weight', 'residual_blocks.30.net.0.bias', 'residual_blocks.30.net.3.weight', 'residual_blocks.30.net.3.bias', 'residual_blocks.31.net.0.weight', 'residual_blocks.31.net.0.bias', 'residual_blocks.31.net.3.weight', 'residual_blocks.31.net.3.bias', 'gamma_head.weight', 'gamma_head.bias', 'psi_head.weight', 'psi_head.bias', 'kappa_head.weight', 'kappa_head.bias', 'nu_head.weight', 'nu_head.bias']",3,8,0.0001,0.001,cuda:0,NVIDIA GB10,140.92214308900293,0.32653668347482256,122.45125630305847,309.3583984375,0.0,"[{'epoch': 1, 'train_loss': -1835.3875903320313, 'val_loss': -1984.804462890625, 'optimizer_steps': 125, 'checkpoint': 'runs/uncertainty_guided_adaptation_20260923_v8/runs/delay_200ns/partial_large/adapted_epoch_1.pt'}, {'epoch': 2, 'train_loss': -1991.156345703125, 'val_loss': -1949.9328515625, 'optimizer_steps': 250, 'checkpoint': 'runs/uncertainty_guided_adaptation_20260923_v8/runs/delay_200ns/partial_large/adapted_epoch_2.pt'}, {'epoch': 3, 'train_loss': -1997.9634775390625, 'val_loss': -1992.3243701171875, 'optimizer_steps': 375, 'checkpoint': 'runs/uncertainty_guided_adaptation_20260923_v8/runs/delay_200ns/partial_large/adapted_epoch_3.pt'}]",True
200,full,full,20260921,runs/current_valid_baseline/training_convergence_100k_5ep_20260916_final_controlled/uacp_predictor_100k_5ep_epoch_3.pt,d3c864788ee7e0e58bbe9f683aa47615039a470258ff054ec2828179b1f23986,11815320,11815320,100.0,"['input_projection.weight', 'input_projection.bias', 'residual_blocks.0.net.0.weight', 'residual_blocks.0.net.0.bias', 'residual_blocks.0.net.3.weight', 'residual_blocks.0.net.3.bias', 'residual_blocks.1.net.0.weight', 'residual_blocks.1.net.0.bias', 'residual_blocks.1.net.3.weight', 'residual_blocks.1.net.3.bias', 'residual_blocks.2.net.0.weight', 'residual_blocks.2.net.0.bias', 'residual_blocks.2.net.3.weight', 'residual_blocks.2.net.3.bias', 'residual_blocks.3.net.0.weight', 'residual_blocks.3.net.0.bias', 'residual_blocks.3.net.3.weight', 'residual_blocks.3.net.3.bias', 'residual_blocks.4.net.0.weight', 'residual_blocks.4.net.0.bias', 'residual_blocks.4.net.3.weight', 'residual_blocks.4.net.3.bias', 'residual_blocks.5.net.0.weight', 'residual_blocks.5.net.0.bias', 'residual_blocks.5.net.3.weight', 'residual_blocks.5.net.3.bias', 'residual_blocks.6.net.0.weight', 'residual_blocks.6.net.0.bias', 'residual_blocks.6.net.3.weight', 'residual_blocks.6.net.3.bias', 'residual_blocks.7.net.0.weight', 'residual_blocks.7.net.0.bias', 'residual_blocks.7.net.3.weight', 'residual_blocks.7.net.3.bias', 'residual_blocks.8.net.0.weight', 'residual_blocks.8.net.0.bias', 'residual_blocks.8.net.3.weight', 'residual_blocks.8.net.3.bias', 'residual_blocks.9.net.0.weight', 'residual_blocks.9.net.0.bias', 'residual_blocks.9.net.3.weight', 'residual_blocks.9.net.3.bias', 'residual_blocks.10.net.0.weight', 'residual_blocks.10.net.0.bias', 'residual_blocks.10.net.3.weight', 'residual_blocks.10.net.3.bias', 'residual_blocks.11.net.0.weight', 'residual_blocks.11.net.0.bias', 'residual_blocks.11.net.3.weight', 'residual_blocks.11.net.3.bias', 'residual_blocks.12.net.0.weight', 'residual_blocks.12.net.0.bias', 'residual_blocks.12.net.3.weight', 'residual_blocks.12.net.3.bias', 'residual_blocks.13.net.0.weight', 'residual_blocks.13.net.0.bias', 'residual_blocks.13.net.3.weight', 'residual_blocks.13.net.3.bias', 'residual_blocks.14.net.0.weight', 'residual_blocks.14.net.0.bias', 'residual_blocks.14.net.3.weight', 'residual_blocks.14.net.3.bias', 'residual_blocks.15.net.0.weight', 'residual_blocks.15.net.0.bias', 'residual_blocks.15.net.3.weight', 'residual_blocks.15.net.3.bias', 'residual_blocks.16.net.0.weight', 'residual_blocks.16.net.0.bias', 'residual_blocks.16.net.3.weight', 'residual_blocks.16.net.3.bias', 'residual_blocks.17.net.0.weight', 'residual_blocks.17.net.0.bias', 'residual_blocks.17.net.3.weight', 'residual_blocks.17.net.3.bias', 'residual_blocks.18.net.0.weight', 'residual_blocks.18.net.0.bias', 'residual_blocks.18.net.3.weight', 'residual_blocks.18.net.3.bias', 'residual_blocks.19.net.0.weight', 'residual_blocks.19.net.0.bias', 'residual_blocks.19.net.3.weight', 'residual_blocks.19.net.3.bias', 'residual_blocks.20.net.0.weight', 'residual_blocks.20.net.0.bias', 'residual_blocks.20.net.3.weight', 'residual_blocks.20.net.3.bias', 'residual_blocks.21.net.0.weight', 'residual_blocks.21.net.0.bias', 'residual_blocks.21.net.3.weight', 'residual_blocks.21.net.3.bias', 'residual_blocks.22.net.0.weight', 'residual_blocks.22.net.0.bias', 'residual_blocks.22.net.3.weight', 'residual_blocks.22.net.3.bias', 'residual_blocks.23.net.0.weight', 'residual_blocks.23.net.0.bias', 'residual_blocks.23.net.3.weight', 'residual_blocks.23.net.3.bias', 'residual_blocks.24.net.0.weight', 'residual_blocks.24.net.0.bias', 'residual_blocks.24.net.3.weight', 'residual_blocks.24.net.3.bias', 'residual_blocks.25.net.0.weight', 'residual_blocks.25.net.0.bias', 'residual_blocks.25.net.3.weight', 'residual_blocks.25.net.3.bias', 'residual_blocks.26.net.0.weight', 'residual_blocks.26.net.0.bias', 'residual_blocks.26.net.3.weight', 'residual_blocks.26.net.3.bias', 'residual_blocks.27.net.0.weight', 'residual_blocks.27.net.0.bias', 'residual_blocks.27.net.3.weight', 'residual_blocks.27.net.3.bias', 'residual_blocks.28.net.0.weight', 'residual_blocks.28.net.0.bias', 'residual_blocks.28.net.3.weight', 'residual_blocks.28.net.3.bias', 'residual_blocks.29.net.0.weight', 'residual_blocks.29.net.0.bias', 'residual_blocks.29.net.3.weight', 'residual_blocks.29.net.3.bias', 'residual_blocks.30.net.0.weight', 'residual_blocks.30.net.0.bias', 'residual_blocks.30.net.3.weight', 'residual_blocks.30.net.3.bias', 'residual_blocks.31.net.0.weight', 'residual_blocks.31.net.0.bias', 'residual_blocks.31.net.3.weight', 'residual_blocks.31.net.3.bias', 'gamma_head.weight', 'gamma_head.bias', 'psi_head.weight', 'psi_head.bias', 'kappa_head.weight', 'kappa_head.bias', 'nu_head.weight', 'nu_head.bias']",3,8,0.0001,0.001,cuda:0,NVIDIA GB10,230.37675640301313,0.5652092953690638,211.95348576339893,816.1630859375,0.0,"[{'epoch': 1, 'train_loss': -1837.3507211914061, 'val_loss': -1981.0913037109376, 'optimizer_steps': 125, 'checkpoint': 'runs/uncertainty_guided_adaptation_20260923_v8/runs/delay_200ns/full/adapted_epoch_1.pt'}, {'epoch': 2, 'train_loss': -1986.5812705078124, 'val_loss': -1964.322900390625, 'optimizer_steps': 250, 'checkpoint': 'runs/uncertainty_guided_adaptation_20260923_v8/runs/delay_200ns/full/adapted_epoch_2.pt'}, {'epoch': 3, 'train_loss': -1983.5728671875, 'val_loss': -1978.7856884765624, 'optimizer_steps': 375, 'checkpoint': 'runs/uncertainty_guided_adaptation_20260923_v8/runs/delay_200ns/full/adapted_epoch_3.pt'}]",True
250,partial_small,last_block_plus_head,20260921,runs/current_valid_baseline/training_convergence_100k_5ep_20260916_final_controlled/uacp_predictor_100k_5ep_epoch_3.pt,d3c864788ee7e0e58bbe9f683aa47615039a470258ff054ec2828179b1f23986,11815320,373656,3.162470419760108,"['residual_blocks.31.net.0.weight', 'residual_blocks.31.net.0.bias', 'residual_blocks.31.net.3.weight', 'residual_blocks.31.net.3.bias', 'gamma_head.weight', 'gamma_head.bias', 'psi_head.weight', 'psi_head.bias', 'kappa_head.weight', 'kappa_head.bias', 'nu_head.weight', 'nu_head.bias']",3,8,0.0001,0.001,cuda:0,NVIDIA GB10,114.70376274699811,0.25629432475939395,96.11037178477272,161.5009765625,0.0,"[{'epoch': 1, 'train_loss': -1172.0652598876952, 'val_loss': -1449.3458959960938, 'optimizer_steps': 125, 'checkpoint': 'runs/uncertainty_guided_adaptation_20260923_v8/runs/delay_250ns/partial_small/adapted_epoch_1.pt'}, {'epoch': 2, 'train_loss': -1482.786453125, 'val_loss': -1417.2802734375, 'optimizer_steps': 250, 'checkpoint': 'runs/uncertainty_guided_adaptation_20260923_v8/runs/delay_250ns/partial_small/adapted_epoch_2.pt'}, {'epoch': 3, 'train_loss': -1507.0923671875, 'val_loss': -1475.8850244140624, 'optimizer_steps': 375, 'checkpoint': 'runs/uncertainty_guided_adaptation_20260923_v8/runs/delay_250ns/partial_small/adapted_epoch_3.pt'}]",True
250,partial_medium,last_4_blocks_plus_head,20260921,runs/current_valid_baseline/training_convergence_100k_5ep_20260916_final_controlled/uacp_predictor_100k_5ep_epoch_3.pt,d3c864788ee7e0e58bbe9f683aa47615039a470258ff054ec2828179b1f23986,11815320,1480728,12.532271660860646,"['residual_blocks.28.net.0.weight', 'residual_blocks.28.net.0.bias', 'residual_blocks.28.net.3.weight', 'residual_blocks.28.net.3.bias', 'residual_blocks.29.net.0.weight', 'residual_blocks.29.net.0.bias', 'residual_blocks.29.net.3.weight', 'residual_blocks.29.net.3.bias', 'residual_blocks.30.net.0.weight', 'residual_blocks.30.net.0.bias', 'residual_blocks.30.net.3.weight', 'residual_blocks.30.net.3.bias', 'residual_blocks.31.net.0.weight', 'residual_blocks.31.net.0.bias', 'residual_blocks.31.net.3.weight', 'residual_blocks.31.net.3.bias', 'gamma_head.weight', 'gamma_head.bias', 'psi_head.weight', 'psi_head.bias', 'kappa_head.weight', 'kappa_head.bias', 'nu_head.weight', 'nu_head.bias']",3,8,0.0001,0.001,cuda:0,NVIDIA GB10,125.59997168998234,0.28670850876610104,107.5156907872879,224.2255859375,0.0,"[{'epoch': 1, 'train_loss': -1453.0381745605468, 'val_loss': -1638.074267578125, 'optimizer_steps': 125, 'checkpoint': 'runs/uncertainty_guided_adaptation_20260923_v8/runs/delay_250ns/partial_medium/adapted_epoch_1.pt'}, {'epoch': 2, 'train_loss': -1657.0012724609376, 'val_loss': -1565.87380859375, 'optimizer_steps': 250, 'checkpoint': 'runs/uncertainty_guided_adaptation_20260923_v8/runs/delay_250ns/partial_medium/adapted_epoch_2.pt'}, {'epoch': 3, 'train_loss': -1661.118724609375, 'val_loss': -1615.1401098632812, 'optimizer_steps': 375, 'checkpoint': 'runs/uncertainty_guided_adaptation_20260923_v8/runs/delay_250ns/partial_medium/adapted_epoch_3.pt'}]",True
250,partial_large,last_8_blocks_plus_head,20260921,runs/current_valid_baseline/training_convergence_100k_5ep_20260916_final_controlled/uacp_predictor_100k_5ep_epoch_3.pt,d3c864788ee7e0e58bbe9f683aa47615039a470258ff054ec2828179b1f23986,11815320,2956824,25.025339982328028,"['residual_blocks.24.net.0.weight', 'residual_blocks.24.net.0.bias', 'residual_blocks.24.net.3.weight', 'residual_blocks.24.net.3.bias', 'residual_blocks.25.net.0.weight', 'residual_blocks.25.net.0.bias', 'residual_blocks.25.net.3.weight', 'residual_blocks.25.net.3.bias', 'residual_blocks.26.net.0.weight', 'residual_blocks.26.net.0.bias', 'residual_blocks.26.net.3.weight', 'residual_blocks.26.net.3.bias', 'residual_blocks.27.net.0.weight', 'residual_blocks.27.net.0.bias', 'residual_blocks.27.net.3.weight', 'residual_blocks.27.net.3.bias', 'residual_blocks.28.net.0.weight', 'residual_blocks.28.net.0.bias', 'residual_blocks.28.net.3.weight', 'residual_blocks.28.net.3.bias', 'residual_blocks.29.net.0.weight', 'residual_blocks.29.net.0.bias', 'residual_blocks.29.net.3.weight', 'residual_blocks.29.net.3.bias', 'residual_blocks.30.net.0.weight', 'residual_blocks.30.net.0.bias', 'residual_blocks.30.net.3.weight', 'residual_blocks.30.net.3.bias', 'residual_blocks.31.net.0.weight', 'residual_blocks.31.net.0.bias', 'residual_blocks.31.net.3.weight', 'residual_blocks.31.net.3.bias', 'gamma_head.weight', 'gamma_head.bias', 'psi_head.weight', 'psi_head.bias', 'kappa_head.weight', 'kappa_head.bias', 'nu_head.weight', 'nu_head.bias']",3,8,0.0001,0.001,cuda:0,NVIDIA GB10,136.61160253797425,0.3163389594213416,118.6271097830031,309.3583984375,0.0,"[{'epoch': 1, 'train_loss': -1518.1236872558593, 'val_loss': -1668.800849609375, 'optimizer_steps': 125, 'checkpoint': 'runs/uncertainty_guided_adaptation_20260923_v8/runs/delay_250ns/partial_large/adapted_epoch_1.pt'}, {'epoch': 2, 'train_loss': -1685.8643491210937, 'val_loss': -1596.7658618164062, 'optimizer_steps': 250, 'checkpoint': 'runs/uncertainty_guided_adaptation_20260923_v8/runs/delay_250ns/partial_large/adapted_epoch_2.pt'}, {'epoch': 3, 'train_loss': -1691.16459765625, 'val_loss': -1641.4221850585936, 'optimizer_steps': 375, 'checkpoint': 'runs/uncertainty_guided_adaptation_20260923_v8/runs/delay_250ns/partial_large/adapted_epoch_3.pt'}]",True
250,full,full,20260921,runs/current_valid_baseline/training_convergence_100k_5ep_20260916_final_controlled/uacp_predictor_100k_5ep_epoch_3.pt,d3c864788ee7e0e58bbe9f683aa47615039a470258ff054ec2828179b1f23986,11815320,11815320,100.0,"['input_projection.weight', 'input_projection.bias', 'residual_blocks.0.net.0.weight', 'residual_blocks.0.net.0.bias', 'residual_blocks.0.net.3.weight', 'residual_blocks.0.net.3.bias', 'residual_blocks.1.net.0.weight', 'residual_blocks.1.net.0.bias', 'residual_blocks.1.net.3.weight', 'residual_blocks.1.net.3.bias', 'residual_blocks.2.net.0.weight', 'residual_blocks.2.net.0.bias', 'residual_blocks.2.net.3.weight', 'residual_blocks.2.net.3.bias', 'residual_blocks.3.net.0.weight', 'residual_blocks.3.net.0.bias', 'residual_blocks.3.net.3.weight', 'residual_blocks.3.net.3.bias', 'residual_blocks.4.net.0.weight', 'residual_blocks.4.net.0.bias', 'residual_blocks.4.net.3.weight', 'residual_blocks.4.net.3.bias', 'residual_blocks.5.net.0.weight', 'residual_blocks.5.net.0.bias', 'residual_blocks.5.net.3.weight', 'residual_blocks.5.net.3.bias', 'residual_blocks.6.net.0.weight', 'residual_blocks.6.net.0.bias', 'residual_blocks.6.net.3.weight', 'residual_blocks.6.net.3.bias', 'residual_blocks.7.net.0.weight', 'residual_blocks.7.net.0.bias', 'residual_blocks.7.net.3.weight', 'residual_blocks.7.net.3.bias', 'residual_blocks.8.net.0.weight', 'residual_blocks.8.net.0.bias', 'residual_blocks.8.net.3.weight', 'residual_blocks.8.net.3.bias', 'residual_blocks.9.net.0.weight', 'residual_blocks.9.net.0.bias', 'residual_blocks.9.net.3.weight', 'residual_blocks.9.net.3.bias', 'residual_blocks.10.net.0.weight', 'residual_blocks.10.net.0.bias', 'residual_blocks.10.net.3.weight', 'residual_blocks.10.net.3.bias', 'residual_blocks.11.net.0.weight', 'residual_blocks.11.net.0.bias', 'residual_blocks.11.net.3.weight', 'residual_blocks.11.net.3.bias', 'residual_blocks.12.net.0.weight', 'residual_blocks.12.net.0.bias', 'residual_blocks.12.net.3.weight', 'residual_blocks.12.net.3.bias', 'residual_blocks.13.net.0.weight', 'residual_blocks.13.net.0.bias', 'residual_blocks.13.net.3.weight', 'residual_blocks.13.net.3.bias', 'residual_blocks.14.net.0.weight', 'residual_blocks.14.net.0.bias', 'residual_blocks.14.net.3.weight', 'residual_blocks.14.net.3.bias', 'residual_blocks.15.net.0.weight', 'residual_blocks.15.net.0.bias', 'residual_blocks.15.net.3.weight', 'residual_blocks.15.net.3.bias', 'residual_blocks.16.net.0.weight', 'residual_blocks.16.net.0.bias', 'residual_blocks.16.net.3.weight', 'residual_blocks.16.net.3.bias', 'residual_blocks.17.net.0.weight', 'residual_blocks.17.net.0.bias', 'residual_blocks.17.net.3.weight', 'residual_blocks.17.net.3.bias', 'residual_blocks.18.net.0.weight', 'residual_blocks.18.net.0.bias', 'residual_blocks.18.net.3.weight', 'residual_blocks.18.net.3.bias', 'residual_blocks.19.net.0.weight', 'residual_blocks.19.net.0.bias', 'residual_blocks.19.net.3.weight', 'residual_blocks.19.net.3.bias', 'residual_blocks.20.net.0.weight', 'residual_blocks.20.net.0.bias', 'residual_blocks.20.net.3.weight', 'residual_blocks.20.net.3.bias', 'residual_blocks.21.net.0.weight', 'residual_blocks.21.net.0.bias', 'residual_blocks.21.net.3.weight', 'residual_blocks.21.net.3.bias', 'residual_blocks.22.net.0.weight', 'residual_blocks.22.net.0.bias', 'residual_blocks.22.net.3.weight', 'residual_blocks.22.net.3.bias', 'residual_blocks.23.net.0.weight', 'residual_blocks.23.net.0.bias', 'residual_blocks.23.net.3.weight', 'residual_blocks.23.net.3.bias', 'residual_blocks.24.net.0.weight', 'residual_blocks.24.net.0.bias', 'residual_blocks.24.net.3.weight', 'residual_blocks.24.net.3.bias', 'residual_blocks.25.net.0.weight', 'residual_blocks.25.net.0.bias', 'residual_blocks.25.net.3.weight', 'residual_blocks.25.net.3.bias', 'residual_blocks.26.net.0.weight', 'residual_blocks.26.net.0.bias', 'residual_blocks.26.net.3.weight', 'residual_blocks.26.net.3.bias', 'residual_blocks.27.net.0.weight', 'residual_blocks.27.net.0.bias', 'residual_blocks.27.net.3.weight', 'residual_blocks.27.net.3.bias', 'residual_blocks.28.net.0.weight', 'residual_blocks.28.net.0.bias', 'residual_blocks.28.net.3.weight', 'residual_blocks.28.net.3.bias', 'residual_blocks.29.net.0.weight', 'residual_blocks.29.net.0.bias', 'residual_blocks.29.net.3.weight', 'residual_blocks.29.net.3.bias', 'residual_blocks.30.net.0.weight', 'residual_blocks.30.net.0.bias', 'residual_blocks.30.net.3.weight', 'residual_blocks.30.net.3.bias', 'residual_blocks.31.net.0.weight', 'residual_blocks.31.net.0.bias', 'residual_blocks.31.net.3.weight', 'residual_blocks.31.net.3.bias', 'gamma_head.weight', 'gamma_head.bias', 'psi_head.weight', 'psi_head.bias', 'kappa_head.weight', 'kappa_head.bias', 'nu_head.weight', 'nu_head.bias']",3,8,0.0001,0.001,cuda:0,NVIDIA GB10,225.40778394398512,0.5523723597804395,207.1396349176648,816.1630859375,0.0,"[{'epoch': 1, 'train_loss': -1514.9254100341798, 'val_loss': -1676.793232421875, 'optimizer_steps': 125, 'checkpoint': 'runs/uncertainty_guided_adaptation_20260923_v8/runs/delay_250ns/full/adapted_epoch_1.pt'}, {'epoch': 2, 'train_loss': -1702.909095703125, 'val_loss': -1613.4587524414062, 'optimizer_steps': 250, 'checkpoint': 'runs/uncertainty_guided_adaptation_20260923_v8/runs/delay_250ns/full/adapted_epoch_2.pt'}, {'epoch': 3, 'train_loss': -1699.67244140625, 'val_loss': -1656.922138671875, 'optimizer_steps': 375, 'checkpoint': 'runs/uncertainty_guided_adaptation_20260923_v8/runs/delay_250ns/full/adapted_epoch_3.pt'}]",True
