epoch,regime,delay_spread_ns,samples,nmse_all_db,nmse_omitted_db,psi_mean,psi_std,kappa_mean,kappa_std,nu_mean,nu_std,df_cov_mean,df_cov_std,aleatoric_mean,aleatoric_std,epistemic_mean,epistemic_std,error_aleatoric_pearson,error_aleatoric_spearman,error_epistemic_pearson,error_epistemic_spearman,nll,raw_l_reg,lambda_reg_x_l_reg,reg_to_nll_ratio,requested_snr_db,measured_snr_db_mean,measured_snr_db_std,covariance_diag_mean,covariance_diag_std,lowrank_diag_contribution_mean,lowrank_diag_contribution_std,off_diagonal_energy_ratio_mean,off_diagonal_energy_ratio_std,frequency_covariance_lag_1_mean,frequency_covariance_lag_1_std,frequency_covariance_lag_2_mean,frequency_covariance_lag_2_std,frequency_covariance_lag_4_mean,frequency_covariance_lag_4_std,frequency_covariance_lag_8_mean,frequency_covariance_lag_8_std,error_bin_0_error_mean,error_bin_0_aleatoric_mean,error_bin_0_epistemic_mean,error_bin_1_error_mean,error_bin_1_aleatoric_mean,error_bin_1_epistemic_mean,error_bin_2_error_mean,error_bin_2_aleatoric_mean,error_bin_2_epistemic_mean
1,ID-Easy 20 ns,20.0,200,-11.629326210021972,-11.681080284118652,0.531103253364563,0.14125831425189972,1.1329008340835571,0.12624159455299377,2050.541748046875,0.23533721268177032,1.541788101196289,0.23533719778060913,0.3561755418777466,0.1266866773366928,0.32258370518684387,0.13502570986747742,0.1923018991947174,0.14930973947048187,0.16593509912490845,0.11953432857990265,-716.44205078125,143153.805,143.15380981445313,0.19981212668400994,15.0,14.975807647705079,0.26704728171575887,,,,,,,,,,,,,,,0.0018000024138018489,0.33915650844573975,0.3074863851070404,0.014805748127400875,0.34680408239364624,0.3138558268547058,0.08441071957349777,0.38256609439849854,0.3464088439941406
1,ID-Hard 80 ns,80.0,200,-11.756521911621094,-11.806880760192872,0.5283836126327515,0.14015018939971924,1.1242210865020752,0.0661807730793953,2050.53076171875,0.0663963183760643,1.5308057069778442,0.0663963034749031,0.34584927558898926,0.0932653397321701,0.30858173966407776,0.08493714779615402,0.20823940634727478,0.15683023631572723,0.17600789666175842,0.12305770069360733,-691.8636865234375,136817.04125,136.81704772949217,0.1977514507445967,15.0,15.003419342041015,0.2547487409902887,,,,,,,,,,,,,,,0.0017326242523267865,0.3330743908882141,0.29939910769462585,0.014357863925397396,0.3384099304676056,0.3028259873390198,0.08048345148563385,0.36606359481811523,0.3235202133655548
1,OOD-Near 120 ns,120.0,200,-11.648021621704101,-11.695219993591309,0.5290418863296509,0.14208219945430756,1.118798017501831,0.06752658635377884,2050.5234375,0.07110635191202164,1.5235265493392944,0.07110629975795746,0.34815919399261475,0.09588061273097992,0.3122401535511017,0.08802244812250137,0.2076796591281891,0.15404048562049866,0.17968283593654633,0.1232835054397583,-674.1581127929687,138836.76375,138.8367706298828,0.20594096250304952,15.0,14.99090560913086,0.2707705227594815,,,,,,,,,,,,,,,0.001733925542794168,0.33507391810417175,0.3024880886077881,0.014360586181282997,0.34079810976982117,0.3064131438732147,0.08197330683469772,0.36860546469688416,0.32781922817230225
1,OOD-Far 1 ms,1000000.0,200,2.2458905220031737,2.5029568386077883,0.5150589346885681,0.1366785168647766,1.111836314201355,0.06808482855558395,2050.54443359375,0.095307357609272,1.5443118810653687,0.09530728310346603,0.33526769280433655,0.09370672702789307,0.3030123710632324,0.08830622583627701,-0.017544234171509743,-0.017433300614356995,-0.022433165460824966,-0.02297421731054783,2721.16447265625,3531850.69,3531.850888671875,1.2979189329233374,15.0,15.005892143249511,0.24637874231902782,,,,,,,,,,,,,,,0.05262284725904465,0.3366564214229584,0.3046833872795105,0.42907726764678955,0.3358909487724304,0.30375680327415466,2.194596290588379,0.3332556486129761,0.30059683322906494
2,ID-Easy 20 ns,20.0,200,-15.959740142822266,-15.984656295776368,0.3585578501224518,0.06409725546836853,2.4969310760498047,0.2211419939994812,2053.757568359375,0.3916315734386444,4.757592678070068,0.3916315734386444,0.07628608494997025,0.01750839687883854,0.03099413588643074,0.008675315417349339,0.20654024183750153,0.12578584253787994,0.16537310183048248,0.09305740147829056,-1620.945126953125,56239.50921875,56.23951156616211,0.03469550611594609,15.0,14.997757911682129,0.27129987054080895,,,,,,,,,,,,,,,0.0007000946789048612,0.07435347139835358,0.03022719733417034,0.00577077642083168,0.07511463016271591,0.030544839799404144,0.033350858837366104,0.07939015328884125,0.03221037611365318
2,ID-Hard 80 ns,80.0,200,-15.794427337646484,-15.813213958740235,0.35630956292152405,0.06161981076002121,2.4799511432647705,0.10485512018203735,2053.740966796875,0.12057778239250183,4.740921974182129,0.12057777494192123,0.07530273497104645,0.01379095297306776,0.030397867783904076,0.00558958575129509,0.21699298918247223,0.12730729579925537,0.20835953950881958,0.11967398971319199,-1582.64515625,56139.84578125,56.139848175048826,0.03547216377151447,15.0,15.005968742370605,0.25995335069542175,,,,,,,,,,,,,,,0.000726118276361376,0.07375724613666534,0.0297958105802536,0.005987426731735468,0.07441111654043198,0.030051082372665405,0.03310780227184296,0.07773982733488083,0.03134671598672867
2,OOD-Near 120 ns,120.0,200,-15.198722801208497,-15.207302932739259,0.35588306188583374,0.06129930913448334,2.4739716053009033,0.11082684248685837,2053.738525390625,0.11922386288642883,4.738460063934326,0.11922384053468704,0.07523393630981445,0.013618603348731995,0.03045840933918953,0.005605722777545452,0.2089422345161438,0.1019679456949234,0.19985373318195343,0.09656529873609543,-1458.0570458984375,62466.78234375,62.46678588867187,0.042842484156545575,15.0,15.005629730224609,0.24798567709593625,,,,,,,,,,,,,,,0.0008230056846514344,0.07398254424333572,0.029965396970510483,0.006775578949600458,0.07439180463552475,0.030124979093670845,0.036806147545576096,0.07732747495174408,0.03128485009074211
2,OOD-Far 1 ms,1000000.0,200,1.780585298538208,2.032956123352051,0.366883248090744,0.06290880590677261,2.3848960399627686,0.11811242252588272,2053.533447265625,0.1755121350288391,4.533427715301514,0.1755121350288391,0.08117854595184326,0.015127765946090221,0.03415556252002716,0.006791561841964722,0.10231613367795944,0.07915590703487396,0.1023055836558342,0.07686471939086914,2559.0166015625,3186864.78,3186.864931640625,1.2453475017248095,15.0,15.048698883056641,0.28407814713689106,,,,,,,,,,,,,,,0.04709155112504959,0.08025655895471573,0.033741146326065063,0.38432371616363525,0.08062530308961868,0.03391031548380852,1.9759330749511719,0.08265378326177597,0.034815218299627304
3,ID-Easy 20 ns,20.0,200,-16.312714920043945,-16.308037719726563,0.2808014452457428,0.06790865957736969,3.5616073608398438,0.19933390617370605,2056.2470703125,0.46970728039741516,7.246911525726318,0.4697072505950928,0.03914547339081764,0.010975193232297897,0.011061733588576317,0.0033313597086817026,0.23443648219108582,0.1630227118730545,0.22963562607765198,0.1569773256778717,-1708.39787109375,51873.21046875,51.87321319580078,0.030363660639712044,15.0,15.011744117736816,0.269451674941243,,,,,,,,,,,,,,,0.0006419601268135011,0.037722647190093994,0.010636101476848125,0.00537494570016861,0.038339387625455856,0.010820520110428333,0.030918510630726814,0.04137439280748367,0.011728580109775066
3,ID-Hard 80 ns,80.0,200,-16.07588020324707,-16.067594604492186,0.2782137393951416,0.06419627368450165,3.542266845703125,0.09927868098020554,2056.23095703125,0.25446051359176636,7.230973720550537,0.25446051359176636,0.038628894835710526,0.009525838308036327,0.010919952765107155,0.0027408648747950792,0.22098112106323242,0.1320529580116272,0.2224789261817932,0.13418039679527283,-1657.3216552734375,52472.095625,52.47209808349609,0.031660781065774614,15.0,15.005388145446778,0.2648897613642743,,,,,,,,,,,,,,,0.0006868895143270493,0.03760010004043579,0.010619470849633217,0.005596949718892574,0.03800290450453758,0.01073820423334837,0.03110300749540329,0.0402836836874485,0.011402181349694729
3,OOD-Near 120 ns,120.0,200,-15.206128463745117,-15.1906201171875,0.27832189202308655,0.06580038368701935,3.535836696624756,0.10483352839946747,2056.227294921875,0.2367083877325058,7.227379322052002,0.2367083728313446,0.03864118829369545,0.009657124988734722,0.01094465795904398,0.0027871415950357914,0.21358197927474976,0.10107747465372086,0.21250812709331512,0.10132494568824768,-1469.63322265625,62006.1165625,62.00611968994141,0.04219156095113866,15.0,14.99487808227539,0.2931919624293263,,,,,,,,,,,,,,,0.00083449314115569,0.0377676859498024,0.010692761279642582,0.006776649504899979,0.03807280585169792,0.010779005475342274,0.036638300865888596,0.04008307680487633,0.011362206190824509
3,OOD-Far 1 ms,1000000.0,200,1.6499922752380372,1.891803731918335,0.3007616698741913,0.07148594409227371,3.343553304672241,0.13358934223651886,2055.76123046875,0.3118876814842224,6.761397361755371,0.3118876516819,0.044725824147462845,0.011582748964428902,0.013431699015200138,0.003683512331917882,0.12303447723388672,0.10277100652456284,0.12650196254253387,0.10441327840089798,2526.72873046875,3095804.86,3095.8050390625,1.225222558211037,15.0,15.014761047363281,0.2539165515842246,,,,,,,,,,,,,,,0.04565808176994324,0.04385707154870033,0.01314802747219801,0.37214386463165283,0.04422925040125847,0.013269513845443726,1.9115290641784668,0.04609116539359093,0.013877557590603828
4,ID-Easy 20 ns,20.0,200,-17.039937286376954,-17.057265167236327,0.22703668475151062,0.07090140879154205,4.565354824066162,0.25433576107025146,2058.733154296875,0.625093936920166,9.733235359191895,0.625093936920166,0.02358575351536274,0.008144800551235676,0.005209171213209629,0.0019247856689617038,0.2785246670246124,0.1618240624666214,0.26967549324035645,0.1542041301727295,-1891.8027294921876,43871.895,43.87189666748047,0.023190524034725865,15.0,14.988003158569336,0.28178980425783273,,,,,,,,,,,,,,,0.0005383999668993056,0.02252020128071308,0.0049622440710663795,0.004487014375627041,0.022954817861318588,0.0050633857026696205,0.02602415904402733,0.0252822395414114,0.005601884797215462
4,ID-Hard 80 ns,80.0,200,-16.83018371582031,-16.84652099609375,0.22558040916919708,0.06924857944250107,4.538189888000488,0.12703590095043182,2058.697509765625,0.32904836535453796,9.697395324707031,0.3290483355522156,0.023355957120656967,0.007462820503860712,0.0051564439199864864,0.0016758858691900969,0.2625466287136078,0.1357690393924713,0.2649804353713989,0.1406387835741043,-1850.6004541015625,44095.8653125,44.0958674621582,0.02382787022676258,15.0,15.048688354492187,0.26884412237149935,,,,,,,,,,,,,,,0.0005630923551507294,0.022527117282152176,0.004965008236467838,0.004639379680156708,0.022825021296739578,0.005035178270190954,0.026001205667853355,0.024715732783079147,0.005469145253300667
4,OOD-Near 120 ns,120.0,200,-15.873417625427246,-15.884880714416504,0.22530972957611084,0.07004708051681519,4.531172275543213,0.13146089017391205,2058.694091796875,0.30360957980155945,9.693929672241211,0.3036095201969147,0.023321498185396194,0.00749351317062974,0.005156504921615124,0.0016825462225824594,0.24870821833610535,0.09834858775138855,0.24893131852149963,0.10146176815032959,-1635.0117138671876,53285.0184375,53.285021209716795,0.032589993550174196,15.0,14.984928665161133,0.25724944836005076,,,,,,,,,,,,,,,0.0007025308441370726,0.0226372629404068,0.004999994765967131,0.005744347348809242,0.02285066246986389,0.005049486644566059,0.03129485249519348,0.024476565420627594,0.005420034285634756
4,OOD-Far 1 ms,1000000.0,200,1.6701141929626464,1.904071798324585,0.251018762588501,0.07601067423820496,4.238774299621582,0.1705741286277771,2057.98291015625,0.4176258444786072,8.982930183410645,0.4176258444786072,0.028114909306168556,0.009060930460691452,0.006665744818747044,0.0022523771040141582,0.11149315536022186,0.09974754601716995,0.11725712567567825,0.10277654975652695,2539.037138671875,3116264.57,3116.264697265625,1.2273411246293995,15.0,14.967333946228027,0.28516813822703374,,,,,,,,,,,,,,,0.04556984826922417,0.027513710781931877,0.006508389487862587,0.37221667170524597,0.027756046503782272,0.006572237238287926,1.9192705154418945,0.02907496877014637,0.0069166067987680435
5,ID-Easy 20 ns,20.0,200,-16.926956176757812,-16.909538345336912,0.2277543991804123,0.09163984656333923,5.038123607635498,0.26784467697143555,2059.894287109375,0.5934832096099854,10.894227027893066,0.5934832096099854,0.021101519465446472,0.009006554260849953,0.0042198956944048405,0.0018832755740731955,0.2814277112483978,0.17719539999961853,0.282881498336792,0.17834270000457764,-1870.1389208984374,45124.6725,45.12467437744141,0.0241290493839472,15.0,14.981553649902343,0.27320792229512514,,,,,,,,,,,,,,,0.0005595852853730321,0.020023612305521965,0.0039875563234090805,0.0046570682898163795,0.020406005904078484,0.004070927854627371,0.026908690109848976,0.022874951362609863,0.004601204767823219
5,ID-Hard 80 ns,80.0,200,-16.680003356933593,-16.662005767822265,0.22408133745193481,0.0856364294886589,5.030531406402588,0.1521439552307129,2059.90478515625,0.33999356627464294,10.904598236083984,0.33999350666999817,0.020620517432689667,0.008065813221037388,0.004108116030693054,0.001627691788598895,0.27681583166122437,0.14329174160957336,0.27654242515563965,0.14377892017364502,-1815.441591796875,45777.5515625,45.77755355834961,0.0252156575925905,15.0,15.011650924682618,0.28641070862418894,,,,,,,,,,,,,,,0.0005846212734468281,0.019775958731770515,0.003935493528842926,0.004835433326661587,0.020084790885448456,0.003999958746135235,0.02718304842710495,0.02200080081820488,0.004388895817101002
5,OOD-Near 120 ns,120.0,200,-15.394286041259766,-15.381609992980957,0.2240922600030899,0.08634158968925476,5.017160415649414,0.1582309752702713,2059.888916015625,0.318103164434433,10.88895034790039,0.318103164434433,0.020641876384615898,0.008110150694847107,0.004123653285205364,0.0016416633734479547,0.27330371737480164,0.10143731534481049,0.27168697118759155,0.100397489964962,-1529.287470703125,59112.07125,59.11207397460937,0.03865334353850732,15.0,14.990868263244629,0.2660972716736428,,,,,,,,,,,,,,,0.0007867733365856111,0.019929589703679085,0.003979449160397053,0.006456350442022085,0.02012595720589161,0.004018784500658512,0.034809939563274384,0.021870078518986702,0.004372724797576666
5,OOD-Far 1 ms,1000000.0,200,1.5879936122894287,1.8125433731079101,0.2578005790710449,0.09641113877296448,4.569884300231934,0.22668878734111786,2058.7998046875,0.5278545022010803,9.799664497375488,0.5278545022010803,0.02652607299387455,0.010515240952372551,0.005853299517184496,0.002458722097799182,0.09573158621788025,0.09478908032178879,0.10215914994478226,0.09735126048326492,2525.896884765625,3057984.42,3057.984609375,1.2106529873829908,15.0,15.06881622314453,0.26436358033515284,,,,,,,,,,,,,,,0.04471376910805702,0.02595074474811554,0.005709006451070309,0.36462104320526123,0.026164397597312927,0.005763915367424488,1.8778038024902344,0.027463072910904884,0.006086975801736116
6,ID-Easy 20 ns,20.0,200,-17.58757049560547,-17.571322555541993,0.20642459392547607,0.09242865443229675,5.910520076751709,0.3313296139240265,2061.96337890625,0.7092909216880798,12.963393211364746,0.7092909216880798,0.016047274693846703,0.007491015829145908,0.0027372073382139206,0.001335358596406877,0.2815048098564148,0.1788279414176941,0.28205880522727966,0.1773449033498764,-2045.1171875,38597.603125,38.597604522705076,0.018873052731857864,15.0,14.993588333129884,0.25956149410460005,,,,,,,,,,,,,,,0.00047240967978723347,0.015194551087915897,0.0025807362981140614,0.003950652666389942,0.015490274876356125,0.0026350212283432484,0.02301931008696556,0.017456993460655212,0.002995864488184452
6,ID-Hard 80 ns,80.0,200,-17.11693115234375,-17.10062446594238,0.20471109449863434,0.0890582725405693,5.8815507888793945,0.16840781271457672,2061.9189453125,0.3349730968475342,12.919220924377441,0.33497297763824463,0.015885159373283386,0.007003735285252333,0.0027053477242588997,0.0012022398877888918,0.2796519994735718,0.13193567097187042,0.2859300971031189,0.14423498511314392,-1931.8073876953124,41065.9496875,41.0659521484375,0.02125778812618451,15.0,14.983608932495118,0.2525386812490027,,,,,,,,,,,,,,,0.0005351926083676517,0.015243851579725742,0.002589251147583127,0.0043937587179243565,0.015419202856719494,0.0026222446467727423,0.02426839806139469,0.016992423683404922,0.0029045462142676115
6,OOD-Near 120 ns,120.0,200,-15.473720436096192,-15.461401443481446,0.2056978940963745,0.09127196669578552,5.8571085929870605,0.17228524386882782,2061.870361328125,0.31664782762527466,12.870429992675781,0.31664782762527466,0.016017377376556396,0.0071876319125294685,0.0027392623014748096,0.0012379148975014687,0.26388242840766907,0.092932790517807,0.2689358592033386,0.1031951829791069,-1560.8139306640626,57728.0109375,57.72801376342773,0.036985839650019635,15.0,14.997339401245117,0.2628705735904983,,,,,,,,,,,,,,,0.0007741455337963998,0.015445020981132984,0.002635700162500143,0.006344662979245186,0.015601986087858677,0.0026652058586478233,0.03389524668455124,0.017005126923322678,0.002916881116107106
6,OOD-Far 1 ms,1000000.0,200,1.4138374710083008,1.6276640748977662,0.23627986013889313,0.09839874505996704,5.335213661193848,0.2529323697090149,2060.611572265625,0.5715204477310181,11.611638069152832,0.5715204477310181,0.020488793030381203,0.008887998759746552,0.0038685735780745745,0.0017525849398225546,0.06933664530515671,0.07665076106786728,0.07665108889341354,0.08113954216241837,2499.8968359375,2941789.89,2941.790009765625,1.1767645638267472,15.0,15.034753112792968,0.2793002559332075,,,,,,,,,,,,,,,0.04292512685060501,0.020143607631325722,0.00379226659424603,0.3502750098705292,0.02028275467455387,0.003823898732662201,1.7989318370819092,0.021040016785264015,0.003989554010331631
7,ID-Easy 20 ns,20.0,200,-17.163342590332032,-17.173715438842773,0.20543676614761353,0.11098744720220566,6.4951491355896,0.4382355213165283,2063.319580078125,0.9701749682426453,14.3197660446167,0.9701749086380005,0.014514699578285217,0.008219856768846512,0.0022659788373857737,0.0013602246763184667,0.24688802659511566,0.16126695275306702,0.25066155195236206,0.1587112545967102,-1953.638505859375,42679.41921875,42.67942123413086,0.021846119999123576,15.0,15.019112167358399,0.28740077784995105,,,,,,,,,,,,,,,0.000512006226927042,0.013681513257324696,0.002121890429407358,0.004305082838982344,0.013994787819683552,0.002176612848415971,0.025324400514364243,0.015867799520492554,0.0024994334671646357
7,ID-Hard 80 ns,80.0,200,-16.766070251464843,-16.773348999023437,0.2049616128206253,0.10621631890535355,6.454011917114258,0.19980840384960175,2063.237548828125,0.39278918504714966,14.237661361694336,0.39278918504714966,0.01443416066467762,0.0075665670447051525,0.0022416787687689066,0.0011862913379445672,0.27014392614364624,0.12711220979690552,0.2761569917201996,0.13828197121620178,-1855.8923876953124,44452.8971875,44.45289947509766,0.023952304438330456,15.0,15.031959838867188,0.27510810047697104,,,,,,,,,,,,,,,0.0005679691093973815,0.013776255771517754,0.00213379948399961,0.004639266990125179,0.013961092568933964,0.0021650821436196566,0.026205608621239662,0.015565135516226292,0.0024261551443487406
7,OOD-Near 120 ns,120.0,200,-15.08480899810791,-15.08792251586914,0.20648494362831116,0.10750585794448853,6.4216132164001465,0.20133452117443085,2063.167236328125,0.3694041669368744,14.167252540588379,0.3694041669368744,0.01460826862603426,0.00767128961160779,0.0022798480931669474,0.0012062916066497564,0.24349132180213928,0.08748079091310501,0.24662619829177856,0.0955745056271553,-1464.8326318359375,63187.55828125,63.18756164550781,0.043136369488083276,15.0,15.021226959228516,0.28229101951244223,,,,,,,,,,,,,,,0.0008403714746236801,0.014039183966815472,0.002187138656154275,0.006891224067658186,0.014177204109728336,0.0022104487288743258,0.03696130961179733,0.015608417801558971,0.0024419573601335287
7,OOD-Far 1 ms,1000000.0,200,1.3942036151885986,1.604798150062561,0.24403658509254456,0.11664816737174988,5.749598979949951,0.3176141679286957,2061.5283203125,0.7374997138977051,12.528148651123047,0.7374997138977051,0.01966811530292034,0.009835617616772652,0.0034582277294248343,0.0018217165488749743,0.06819698959589005,0.08313675969839096,0.07588763535022736,0.0861782431602478,2494.633046875,2929992.86,2929.99302734375,1.17451864553882,15.0,15.011092948913575,0.26923302606568883,,,,,,,,,,,,,,,0.04270204156637192,0.019291019067168236,0.0033796802163124084,0.3480328917503357,0.019437652081251144,0.003410999197512865,1.7896045446395874,0.020275678485631943,0.0035840035416185856
8,ID-Easy 20 ns,20.0,200,-17.90397071838379,-17.901363067626953,0.19857676327228546,0.10762937366962433,7.146279335021973,0.3939516544342041,2064.896728515625,0.6889044046401978,15.896559715270996,0.688904345035553,0.012550046667456627,0.006895672995597124,0.001768002170138061,0.0009912560926750302,0.2542538046836853,0.16968262195587158,0.25439977645874023,0.16167868673801422,-2101.666494140625,36632.20390625,36.6322055053711,0.017430075422207158,15.0,15.01248764038086,0.27702960484951866,,,,,,,,,,,,,,,0.0004440501215867698,0.011881407350301743,0.0016695435624569654,0.0036889156326651573,0.012098426930606365,0.0017022554529830813,0.021789684891700745,0.013670302927494049,0.0019322078442201018
8,ID-Hard 80 ns,80.0,200,-17.515189361572265,-17.51215057373047,0.1976434737443924,0.10486137121915817,7.1147356033325195,0.20464609563350677,2064.8369140625,0.3360169231891632,15.836895942687988,0.3360169231891632,0.012501703575253487,0.006679464131593704,0.001759743900038302,0.0009447102202102542,0.27842941880226135,0.12995384633541107,0.2800343334674835,0.1337372362613678,-2017.3766162109375,37708.5090625,37.7085107421875,0.018691854777629566,15.0,15.011845321655274,0.24635474278640737,,,,,,,,,,,,,,,0.00048295233864337206,0.011921531520783901,0.0016761315055191517,0.0039869132451713085,0.012080145999789238,0.001699430518783629,0.022208884358406067,0.01350343506783247,0.0019036699086427689
8,OOD-Near 120 ns,120.0,200,-15.662311210632325,-15.658684921264648,0.19889502227306366,0.1079026609659195,7.085882663726807,0.21227234601974487,2064.77685546875,0.3325181305408478,15.776799201965332,0.3325181305408478,0.01262759417295456,0.006887833122164011,0.0017849898431450129,0.0009779043029993773,0.25752007961273193,0.08265481144189835,0.2581312656402588,0.08284978568553925,-1601.631005859375,55159.35328125,55.15935577392578,0.03443949047676244,15.0,14.995318336486816,0.2815318432243144,,,,,,,,,,,,,,,0.0007359005976468325,0.01213684119284153,0.0017146699829027057,0.006026558578014374,0.012245605699717999,0.0017305401852354407,0.03226926177740097,0.013500338420271873,0.0019097595941275358
8,OOD-Far 1 ms,1000000.0,200,1.3697886085510254,1.5788402462005615,0.23382022976875305,0.11526738107204437,6.3691582679748535,0.32510972023010254,2063.040771484375,0.7043509483337402,14.040534973144531,0.7043508887290955,0.016776837408542633,0.008535224944353104,0.0026574197690933943,0.0014070805627852678,0.05833856761455536,0.07981187105178833,0.06620112806558609,0.08372901380062103,2492.85716796875,2916891.0,2916.891103515625,1.1700995712805675,15.0,15.009871139526368,0.2609778542993299,,,,,,,,,,,,,,,0.042401671409606934,0.0165091622620821,0.0026066324207931757,0.34644368290901184,0.01659795269370079,0.00262411218136549,1.7787480354309082,0.01722339540719986,0.0027415151707828045
9,ID-Easy 20 ns,20.0,200,-18.299361114501952,-18.30066192626953,0.1901462972164154,0.10289095342159271,7.888206481933594,0.3612893223762512,2066.679931640625,0.6699324250221252,17.680103302001953,0.6699323654174805,0.01079690083861351,0.005952811799943447,0.0013750270009040833,0.0007718624547123909,0.2595321834087372,0.17644038796424866,0.26064959168434143,0.16909651458263397,-2193.12109375,33120.5275,33.12052917480469,0.015102006573663994,15.0,14.993715057373047,0.2612481776007515,,,,,,,,,,,,,,,0.0004106054257135838,0.010228730738162994,0.0012999882455915213,0.0033696924801915884,0.010410841554403305,0.0013243749272078276,0.01960482820868492,0.011751130223274231,0.00150071841198951
9,ID-Hard 80 ns,80.0,200,-17.739814834594725,-17.738009033203124,0.18856734037399292,0.09900888055562973,7.866879463195801,0.21008573472499847,2066.642333984375,0.31515929102897644,17.642486572265625,0.31515926122665405,0.010701787658035755,0.0056491633877158165,0.0013617674121633172,0.0007210270850919187,0.2851393222808838,0.1337214559316635,0.2867763340473175,0.13669753074645996,-2074.6604443359374,35855.52015625,35.85552215576172,0.017282597860039512,15.0,15.045122489929199,0.28850961282046567,,,,,,,,,,,,,,,0.00046164734521880746,0.01020964328199625,0.0012979692546650767,0.003762135747820139,0.01033475250005722,0.0013144297990947962,0.021105390042066574,0.01156096626073122,0.001472902949899435
9,OOD-Near 120 ns,120.0,200,-15.69010139465332,-15.686775665283204,0.1895691305398941,0.09808177500963211,7.8317341804504395,0.21621404588222504,2066.56591796875,0.30145037174224854,17.56603240966797,0.30145034193992615,0.010803602635860443,0.005610783118754625,0.001381007838062942,0.0007192097255028784,0.27409666776657104,0.08367621153593063,0.27556508779525757,0.0864354819059372,-1613.2183984375,54954.691875,54.95469482421875,0.03406525420061231,15.0,14.998775291442872,0.270128174465721,,,,,,,,,,,,,,,0.0007372252875939012,0.010393340140581131,0.0013277275720611215,0.006002659909427166,0.010473118163645267,0.001338334521278739,0.03209950402379036,0.011544347740709782,0.0014769616536796093
9,OOD-Far 1 ms,1000000.0,200,1.3666373634338378,1.575314655303955,0.22631119191646576,0.10678380727767944,7.027007579803467,0.3344828486442566,2064.59423828125,0.7290140986442566,15.594269752502441,0.7290140986442566,0.014607424847781658,0.007103119511157274,0.002094597788527608,0.001056118868291378,0.05884326994419098,0.07553283870220184,0.06610549986362457,0.07986108958721161,2496.634130859375,2917927.31,2917.9274609375,1.1687445208166818,15.0,14.999110946655273,0.28538938270280256,,,,,,,,,,,,,,,0.04234977811574936,0.014375717379152775,0.002055348828434944,0.34606805443763733,0.014468773268163204,0.0020715612918138504,1.7774425745010376,0.014977780170738697,0.0021568830125033855
10,ID-Easy 20 ns,20.0,200,-18.437915649414062,-18.434239196777344,0.19398067891597748,0.10580573976039886,8.235355377197266,0.45184817910194397,2067.50634765625,0.8734540343284607,18.506250381469727,0.8734540343284607,0.010541812516748905,0.005910391453653574,0.001290039042942226,0.0007504521636292338,0.23920975625514984,0.17044714093208313,0.24116969108581543,0.16697093844413757,-2222.28947265625,32536.89765625,32.53689926147461,0.014641161586585573,15.0,14.990790939331054,0.2631161288054744,,,,,,,,,,,,,,,0.0003891436499543488,0.00998688954859972,0.0012167864479124546,0.003286176361143589,0.010163023136556149,0.001240879064425826,0.019309429451823235,0.011475526727735996,0.0014124518493190408
10,ID-Hard 80 ns,80.0,200,-17.74913513183594,-17.742636489868165,0.19355379045009613,0.10363098233938217,8.1885986328125,0.21537813544273376,2067.4130859375,0.3636486530303955,18.412961959838867,0.3636486232280731,0.010527764447033405,0.005672710482031107,0.001287406892515719,0.0006974070565775037,0.2886728346347809,0.12416310608386993,0.2917223572731018,0.13414467871189117,-2081.7165234375,35626.75046875,35.62675247192383,0.01711412292242504,15.0,14.986900787353516,0.28718149687648,,,,,,,,,,,,,,,0.0004515408945735544,0.010029670782387257,0.0012241174699738622,0.0037260560784488916,0.010155515745282173,0.0012405611341819167,0.02100287191569805,0.011398104019463062,0.0013975423062220216
10,OOD-Near 120 ns,120.0,200,-15.609620323181153,-15.601826400756837,0.19485071301460266,0.10318241268396378,8.143310546875,0.22324000298976898,2067.313720703125,0.35595130920410156,18.31402015686035,0.355951189994812,0.010654262267053127,0.005678682588040829,0.0013102921657264233,0.0007028778200037777,0.28024137020111084,0.0931386798620224,0.2831004858016968,0.09979196637868881,-1598.60609375,56062.32828125,56.06233108520508,0.03506950918305568,15.0,15.00957145690918,0.27543966395611735,,,,,,,,,,,,,,,0.0007507803966291249,0.01020750217139721,0.001253289170563221,0.006119630765169859,0.010309581644833088,0.0012670120922848582,0.03277073800563812,0.011445702984929085,0.001410575001500547
10,OOD-Far 1 ms,1000000.0,200,1.3384193325042724,1.5445478296279906,0.2334141880273819,0.11063972860574722,7.300093650817871,0.37897369265556335,2065.245361328125,0.8451817035675049,16.245275497436523,0.8451816439628601,0.01448327861726284,0.007132393307983875,0.002003404777497053,0.0010370537638664246,0.06203074008226395,0.08057519793510437,0.06972452253103256,0.08357173204421997,2488.35353515625,2900506.78,2900.506923828125,1.1656329708930764,15.0,14.993080215454102,0.23830227738988888,,,,,,,,,,,,,,,0.04216626286506653,0.014228129759430885,0.001961368601769209,0.3434846103191376,0.014345066621899605,0.001980817411094904,1.7650582790374756,0.014876642264425755,0.0020680290181189775
