sample_index,nmse_omitted_db,aleatoric,epistemic,total_uncertainty,regime
0,-17.83333396911621,0.032595034688711166,0.004636176396161318,0.0372312106192112,ID-Easy 20 ns
1,-17.500625610351562,0.019540518522262573,0.002409059787169099,0.02194957807660103,ID-Easy 20 ns
2,-17.676504135131836,0.02752625197172165,0.0037776336539536715,0.03130388632416725,ID-Easy 20 ns
3,-17.181459426879883,0.018831484019756317,0.0023083719424903393,0.021139856427907944,ID-Easy 20 ns
4,-17.686962127685547,0.017329759895801544,0.002026003086939454,0.019355762749910355,ID-Easy 20 ns
5,-17.561870574951172,0.02441299334168434,0.0030687241815030575,0.027481717988848686,ID-Easy 20 ns
6,-17.396711349487305,0.019095953553915024,0.0023519734386354685,0.02144792675971985,ID-Easy 20 ns
7,-16.945606231689453,0.020901544019579887,0.002725491765886545,0.023627035319805145,ID-Easy 20 ns
8,-17.37066650390625,0.019397249445319176,0.002416579984128475,0.021813828498125076,ID-Easy 20 ns
9,-17.663972854614258,0.018581856042146683,0.0023419491481035948,0.020923804491758347,ID-Easy 20 ns
10,-16.89407730102539,0.018572207540273666,0.00226544844917953,0.020837655290961266,ID-Easy 20 ns
11,-17.07863426208496,0.020828066393733025,0.0026984054129570723,0.023526471108198166,ID-Easy 20 ns
12,-17.492223739624023,0.021862061694264412,0.0027346545830368996,0.024596717208623886,ID-Easy 20 ns
13,-18.052223205566406,0.02856750227510929,0.0039319563657045364,0.03249945864081383,ID-Easy 20 ns
14,-17.975833892822266,0.027022093534469604,0.0035034166648983955,0.030525509268045425,ID-Easy 20 ns
15,-18.319992065429688,0.024996209889650345,0.003391347359865904,0.028387557715177536,ID-Easy 20 ns
16,-17.90252113342285,0.019189029932022095,0.00239295931532979,0.021581988781690598,ID-Easy 20 ns
17,-17.584712982177734,0.019795648753643036,0.0024892573710530996,0.02228490635752678,ID-Easy 20 ns
18,-18.270397186279297,0.0223145242780447,0.0029331024270504713,0.02524762600660324,ID-Easy 20 ns
19,-18.52596092224121,0.020495109260082245,0.0027123973704874516,0.02320750616490841,ID-Easy 20 ns
20,-17.195045471191406,0.017455117776989937,0.0021300078369677067,0.019585125148296356,ID-Easy 20 ns
21,-18.208602905273438,0.0200360044836998,0.0026698445435613394,0.02270584926009178,ID-Easy 20 ns
22,-17.51197052001953,0.01905657723546028,0.002380529884248972,0.021437106654047966,ID-Easy 20 ns
23,-19.17991065979004,0.02264823392033577,0.003112918697297573,0.025761153548955917,ID-Easy 20 ns
24,-16.877344131469727,0.019136611372232437,0.002475914778187871,0.02161252684891224,ID-Easy 20 ns
25,-18.292631149291992,0.018324341624975204,0.0021837661042809486,0.02050810679793358,ID-Easy 20 ns
26,-18.21016502380371,0.019605478271842003,0.002466436242684722,0.02207191474735737,ID-Easy 20 ns
27,-18.301481246948242,0.021181771531701088,0.002803715644404292,0.02398548647761345,ID-Easy 20 ns
28,-18.216880798339844,0.017717890441417694,0.002155619440600276,0.01987350918352604,ID-Easy 20 ns
29,-17.5399169921875,0.019747646525502205,0.002508527133613825,0.022256173193454742,ID-Easy 20 ns
30,-17.874738693237305,0.025968259200453758,0.0032778247259557247,0.02924608439207077,ID-Easy 20 ns
31,-18.080732345581055,0.02180919237434864,0.0028776174876838923,0.02468680962920189,ID-Easy 20 ns
32,-17.34423065185547,0.020016800612211227,0.002543722279369831,0.022560521960258484,ID-Easy 20 ns
33,-16.932636260986328,0.019844865426421165,0.002657451666891575,0.022502318024635315,ID-Easy 20 ns
34,-18.204313278198242,0.022665446624159813,0.0030120278242975473,0.025677474215626717,ID-Easy 20 ns
35,-18.358848571777344,0.02293548919260502,0.003021962009370327,0.02595745027065277,ID-Easy 20 ns
36,-16.90399169921875,0.019546406343579292,0.002442974364385009,0.021989380940794945,ID-Easy 20 ns
37,-18.023956298828125,0.01753184013068676,0.0020475233905017376,0.019579363986849785,ID-Easy 20 ns
38,-18.400772094726562,0.020538773387670517,0.0026233133394271135,0.02316208742558956,ID-Easy 20 ns
39,-17.59958839416504,0.024331267923116684,0.0031713275238871574,0.027502596378326416,ID-Easy 20 ns
40,-18.089265823364258,0.020138410851359367,0.0025680894032120705,0.022706501185894012,ID-Easy 20 ns
41,-18.10854148864746,0.0278730820864439,0.003969142213463783,0.031842224299907684,ID-Easy 20 ns
42,-19.055906295776367,0.019432557746767998,0.0023362908978015184,0.021768849343061447,ID-Easy 20 ns
43,-17.17809295654297,0.020516034215688705,0.0026394871529191732,0.023155521601438522,ID-Easy 20 ns
44,-17.822208404541016,0.020865416154265404,0.0027851900085806847,0.023650605231523514,ID-Easy 20 ns
45,-17.94037437438965,0.0200174693018198,0.002501480281352997,0.022518949583172798,ID-Easy 20 ns
46,-16.507863998413086,0.016963962465524673,0.002091177273541689,0.019055139273405075,ID-Easy 20 ns
47,-18.224369049072266,0.02446906641125679,0.0031718104146420956,0.027640877291560173,ID-Easy 20 ns
48,-18.097618103027344,0.01769554428756237,0.0021900623105466366,0.019885607063770294,ID-Easy 20 ns
49,-18.45229721069336,0.024947505444288254,0.003317303257063031,0.028264809399843216,ID-Easy 20 ns
50,-19.11444091796875,0.021303074434399605,0.0026621317956596613,0.023965205997228622,ID-Easy 20 ns
51,-17.089981079101562,0.020611343905329704,0.0025745441671460867,0.023185888305306435,ID-Easy 20 ns
52,-18.73428726196289,0.021586891263723373,0.002749806037172675,0.024336697533726692,ID-Easy 20 ns
53,-17.219703674316406,0.019761567935347557,0.0025395189877599478,0.02230108715593815,ID-Easy 20 ns
54,-17.36868667602539,0.01722130738198757,0.0021209598053246737,0.019342267885804176,ID-Easy 20 ns
55,-17.406742095947266,0.01742503046989441,0.0021764941047877073,0.019601523876190186,ID-Easy 20 ns
56,-17.924192428588867,0.024486826732754707,0.0031841681338846684,0.02767099440097809,ID-Easy 20 ns
57,-17.035810470581055,0.02077886275947094,0.002655046759173274,0.023433908820152283,ID-Easy 20 ns
58,-17.415142059326172,0.028054676949977875,0.003924498800188303,0.03197917714715004,ID-Easy 20 ns
59,-18.38383674621582,0.021242909133434296,0.0027409547474235296,0.02398386411368847,ID-Easy 20 ns
60,-17.513582229614258,0.02080998569726944,0.0025854152627289295,0.023395400494337082,ID-Easy 20 ns
61,-18.350345611572266,0.020893407985568047,0.0026097013615071774,0.02350310981273651,ID-Easy 20 ns
62,-16.633251190185547,0.01659003086388111,0.0020273670088499784,0.01861739717423916,ID-Easy 20 ns
63,-17.780595779418945,0.019973210990428925,0.002543472684919834,0.022516682744026184,ID-Easy 20 ns
64,-18.045841217041016,0.019853848963975906,0.0025391916278749704,0.022393040359020233,ID-Easy 20 ns
65,-18.015857696533203,0.02902805805206299,0.004215554799884558,0.033243611454963684,ID-Easy 20 ns
66,-17.46686553955078,0.017622793093323708,0.0021758482325822115,0.01979864202439785,ID-Easy 20 ns
67,-18.36785888671875,0.017948541790246964,0.0021263479720801115,0.020074889063835144,ID-Easy 20 ns
68,-17.972261428833008,0.01751558855175972,0.0021184163633733988,0.019634004682302475,ID-Easy 20 ns
69,-18.244346618652344,0.020470311865210533,0.0024140924215316772,0.02288440428674221,ID-Easy 20 ns
70,-18.092304229736328,0.023329418152570724,0.002878335304558277,0.026207752525806427,ID-Easy 20 ns
71,-18.205692291259766,0.023766804486513138,0.003162537468597293,0.0269293412566185,ID-Easy 20 ns
72,-17.29559326171875,0.020973600447177887,0.0027005509473383427,0.023674150928854942,ID-Easy 20 ns
73,-18.110496520996094,0.02150406688451767,0.0027510379441082478,0.02425510436296463,ID-Easy 20 ns
74,-17.414836883544922,0.02001764066517353,0.0024987778160721064,0.022516418248414993,ID-Easy 20 ns
75,-18.80891990661621,0.01911154016852379,0.0022331541404128075,0.02134469524025917,ID-Easy 20 ns
76,-17.374832153320312,0.02119944803416729,0.0026805901434272528,0.023880038410425186,ID-Easy 20 ns
77,-17.708698272705078,0.017354799434542656,0.002118357690051198,0.019473157823085785,ID-Easy 20 ns
78,-16.625093460083008,0.019832229241728783,0.0024535858538001776,0.022285815328359604,ID-Easy 20 ns
79,-17.094942092895508,0.018975643441081047,0.0022996768821030855,0.021275321021676064,ID-Easy 20 ns
80,-17.875669479370117,0.01648412086069584,0.0019110881257802248,0.018395209684967995,ID-Easy 20 ns
81,-16.752368927001953,0.01725093275308609,0.0020780398044735193,0.019328972324728966,ID-Easy 20 ns
82,-17.346742630004883,0.020550811663269997,0.002571132266893983,0.023121943697333336,ID-Easy 20 ns
83,-16.84876251220703,0.020464498549699783,0.002670606365427375,0.023135105147957802,ID-Easy 20 ns
84,-17.651718139648438,0.017741655930876732,0.0021570289973169565,0.019898684695363045,ID-Easy 20 ns
85,-16.919239044189453,0.018034188076853752,0.002300830092281103,0.020335018634796143,ID-Easy 20 ns
86,-17.508533477783203,0.016764817759394646,0.0020383037626743317,0.018803121522068977,ID-Easy 20 ns
87,-17.368364334106445,0.02919432520866394,0.0043111760169267654,0.03350549936294556,ID-Easy 20 ns
88,-17.067005157470703,0.016632502898573875,0.002041656756773591,0.018674159422516823,ID-Easy 20 ns
89,-17.31838035583496,0.023693827912211418,0.0031846771016716957,0.02687850594520569,ID-Easy 20 ns
90,-17.083189010620117,0.020862240344285965,0.0026175554376095533,0.023479795083403587,ID-Easy 20 ns
91,-16.877090454101562,0.017131255939602852,0.002127119107171893,0.019258374348282814,ID-Easy 20 ns
92,-18.815996170043945,0.024879341945052147,0.003154237987473607,0.028033580631017685,ID-Easy 20 ns
93,-17.85016632080078,0.0170737411826849,0.0020675286650657654,0.019141269847750664,ID-Easy 20 ns
94,-17.777677536010742,0.030670244246721268,0.0041219331324100494,0.03479217737913132,ID-Easy 20 ns
95,-18.1931209564209,0.024455124512314796,0.0033094659447669983,0.027764590457081795,ID-Easy 20 ns
96,-17.569198608398438,0.016918044537305832,0.001992139033973217,0.018910184502601624,ID-Easy 20 ns
97,-18.23194122314453,0.020449912175536156,0.002619788283482194,0.023069700226187706,ID-Easy 20 ns
98,-19.479848861694336,0.018940739333629608,0.0022456187289208174,0.021186357364058495,ID-Easy 20 ns
99,-16.989055633544922,0.017084578052163124,0.0020561213605105877,0.019140699878335,ID-Easy 20 ns
100,-18.26409149169922,0.02329421415925026,0.0032517698127776384,0.02654598467051983,ID-Easy 20 ns
101,-17.806903839111328,0.023782070726156235,0.0031270678155124187,0.02690913900732994,ID-Easy 20 ns
102,-18.743907928466797,0.02005453035235405,0.002427045488730073,0.02248157560825348,ID-Easy 20 ns
103,-18.642547607421875,0.021574191749095917,0.002829556120559573,0.02440374717116356,ID-Easy 20 ns
104,-18.240060806274414,0.018732348456978798,0.002217751694843173,0.02095009945333004,ID-Easy 20 ns
105,-17.542173385620117,0.018549509346485138,0.0022314260713756084,0.020780935883522034,ID-Easy 20 ns
106,-16.422218322753906,0.016754698008298874,0.002005622023716569,0.0187603197991848,ID-Easy 20 ns
107,-18.373817443847656,0.024486562237143517,0.0031598268542438745,0.027646388858556747,ID-Easy 20 ns
108,-17.810396194458008,0.020375406369566917,0.0025700980331748724,0.022945504635572433,ID-Easy 20 ns
109,-18.183610916137695,0.024555034935474396,0.003493993543088436,0.028049029409885406,ID-Easy 20 ns
110,-17.723783493041992,0.02155192382633686,0.0026474010664969683,0.02419932559132576,ID-Easy 20 ns
111,-18.038503646850586,0.020543145015835762,0.002515465021133423,0.023058610036969185,ID-Easy 20 ns
112,-16.150959014892578,0.01757434941828251,0.0020892906468361616,0.01966363936662674,ID-Easy 20 ns
113,-17.4031982421875,0.017062265425920486,0.002074640244245529,0.019136905670166016,ID-Easy 20 ns
114,-18.077919006347656,0.022194581106305122,0.0026336635928601027,0.024828244000673294,ID-Easy 20 ns
115,-17.63011360168457,0.01847267895936966,0.002213559579104185,0.020686239004135132,ID-Easy 20 ns
116,-17.447717666625977,0.02167034149169922,0.002818431006744504,0.024488773196935654,ID-Easy 20 ns
117,-18.872854232788086,0.019055267795920372,0.0022637327201664448,0.02131900005042553,ID-Easy 20 ns
118,-17.400299072265625,0.024878809228539467,0.003398045664653182,0.028276855126023293,ID-Easy 20 ns
119,-16.696931838989258,0.016344362869858742,0.001946315518580377,0.018290678039193153,ID-Easy 20 ns
120,-16.601240158081055,0.018048563972115517,0.0022621878888458014,0.02031075209379196,ID-Easy 20 ns
121,-17.64067268371582,0.025219198316335678,0.003385875141248107,0.02860507369041443,ID-Easy 20 ns
122,-17.837575912475586,0.017180712893605232,0.0020703915506601334,0.019251104444265366,ID-Easy 20 ns
123,-18.613487243652344,0.025392374023795128,0.003380307462066412,0.028772681951522827,ID-Easy 20 ns
124,-18.065322875976562,0.020876344293355942,0.0026317299343645573,0.02350807376205921,ID-Easy 20 ns
125,-16.773157119750977,0.01566796749830246,0.0018544496269896626,0.0175224170088768,ID-Easy 20 ns
126,-18.39447021484375,0.0267525352537632,0.0034873902332037687,0.030239924788475037,ID-Easy 20 ns
127,-17.112411499023438,0.02239823155105114,0.002904867520555854,0.025303099304437637,ID-Easy 20 ns
128,-18.737287521362305,0.023706866428256035,0.0033008649479597807,0.027007730677723885,ID-Easy 20 ns
129,-17.722002029418945,0.017995435744524002,0.0022492255084216595,0.02024466171860695,ID-Easy 20 ns
130,-17.583648681640625,0.017015056684613228,0.0020926869474351406,0.019107744097709656,ID-Easy 20 ns
131,-16.394054412841797,0.02226862870156765,0.0030033481307327747,0.025271976366639137,ID-Easy 20 ns
132,-17.75054931640625,0.02924835868179798,0.004228827077895403,0.033477187156677246,ID-Easy 20 ns
133,-18.346637725830078,0.024033626541495323,0.0031883344054222107,0.027221960946917534,ID-Easy 20 ns
134,-17.685997009277344,0.019767098128795624,0.0025474189314991236,0.022314516827464104,ID-Easy 20 ns
135,-17.47021484375,0.02442234940826893,0.0034326340537518263,0.027854982763528824,ID-Easy 20 ns
136,-17.880264282226562,0.02109658345580101,0.0026049248408526182,0.023701507598161697,ID-Easy 20 ns
137,-17.2301025390625,0.02025487832725048,0.0025303298607468605,0.022785209119319916,ID-Easy 20 ns
138,-17.2500057220459,0.02522539533674717,0.0033726959954947233,0.028598090633749962,ID-Easy 20 ns
139,-17.694055557250977,0.02216600440442562,0.0028748095501214266,0.02504081465303898,ID-Easy 20 ns
140,-17.714645385742188,0.01856963522732258,0.0022697686217725277,0.020839404314756393,ID-Easy 20 ns
141,-17.302104949951172,0.022283796221017838,0.003058584639802575,0.02534238062798977,ID-Easy 20 ns
142,-17.598709106445312,0.021063489839434624,0.002668845234438777,0.02373233437538147,ID-Easy 20 ns
143,-17.2269344329834,0.02371501922607422,0.003207956440746784,0.02692297473549843,ID-Easy 20 ns
144,-18.802946090698242,0.022043509408831596,0.002706879051402211,0.02475038915872574,ID-Easy 20 ns
145,-16.961027145385742,0.02244577743113041,0.002960208570584655,0.025405986234545708,ID-Easy 20 ns
146,-17.692790985107422,0.023789482191205025,0.003261200850829482,0.02705068327486515,ID-Easy 20 ns
147,-17.73103141784668,0.019531914964318275,0.0023533825296908617,0.021885298192501068,ID-Easy 20 ns
148,-17.7664852142334,0.01873498037457466,0.002282100962474942,0.021017082035541534,ID-Easy 20 ns
149,-17.259607315063477,0.020657923072576523,0.002559083281084895,0.023217005655169487,ID-Easy 20 ns
150,-17.640544891357422,0.017355673015117645,0.0020713515114039183,0.019427023828029633,ID-Easy 20 ns
151,-17.913864135742188,0.024445895105600357,0.00322086364030838,0.027666758745908737,ID-Easy 20 ns
152,-18.356182098388672,0.017896616831421852,0.0021034704986959696,0.020000087097287178,ID-Easy 20 ns
153,-17.871313095092773,0.019433824345469475,0.0023125088773667812,0.021746333688497543,ID-Easy 20 ns
154,-17.37437629699707,0.020251067355275154,0.002505627693608403,0.02275669574737549,ID-Easy 20 ns
155,-17.800500869750977,0.019746819511055946,0.0024354562629014254,0.022182276472449303,ID-Easy 20 ns
156,-17.720457077026367,0.02759849652647972,0.003972579259425402,0.031571075320243835,ID-Easy 20 ns
157,-17.23650550842285,0.017844438552856445,0.0021330653689801693,0.019977504387497902,ID-Easy 20 ns
158,-18.110774993896484,0.021976914256811142,0.0028279172256588936,0.02480483055114746,ID-Easy 20 ns
159,-17.008956909179688,0.01971706561744213,0.0025056973099708557,0.022222762927412987,ID-Easy 20 ns
160,-18.454727172851562,0.021792812272906303,0.002894691191613674,0.024687502533197403,ID-Easy 20 ns
161,-18.096534729003906,0.016726873815059662,0.001970494631677866,0.01869736798107624,ID-Easy 20 ns
162,-16.86602020263672,0.02387670986354351,0.0031733433715999126,0.02705005370080471,ID-Easy 20 ns
163,-18.394245147705078,0.022107195109128952,0.002778967609629035,0.02488616295158863,ID-Easy 20 ns
164,-17.39655113220215,0.017497243359684944,0.0021962702739983797,0.019693514332175255,ID-Easy 20 ns
165,-17.534780502319336,0.0225825197994709,0.003024940611794591,0.025607461109757423,ID-Easy 20 ns
166,-18.1125431060791,0.022527234628796577,0.002912967000156641,0.02544020116329193,ID-Easy 20 ns
167,-18.072769165039062,0.02529449388384819,0.0032907116692513227,0.028585204854607582,ID-Easy 20 ns
168,-16.2978458404541,0.017995087429881096,0.0021758736111223698,0.02017096057534218,ID-Easy 20 ns
169,-18.372440338134766,0.0175440963357687,0.0020701901521533728,0.019614286720752716,ID-Easy 20 ns
170,-18.718624114990234,0.02529880963265896,0.0035136148799210787,0.028812425211071968,ID-Easy 20 ns
171,-16.053293228149414,0.019012125208973885,0.002488131169229746,0.021500255912542343,ID-Easy 20 ns
172,-17.574146270751953,0.01925482414662838,0.002541081514209509,0.021795906126499176,ID-Easy 20 ns
173,-17.636653900146484,0.018909810110926628,0.0023919667582958937,0.02130177617073059,ID-Easy 20 ns
174,-18.240264892578125,0.02211267501115799,0.003042582655325532,0.025155257433652878,ID-Easy 20 ns
175,-18.730745315551758,0.017869364470243454,0.0021098186261951923,0.01997918263077736,ID-Easy 20 ns
176,-17.735157012939453,0.022278303280472755,0.0027544191107153893,0.02503272145986557,ID-Easy 20 ns
177,-17.350276947021484,0.0195312537252903,0.002458384493365884,0.02198963798582554,ID-Easy 20 ns
178,-17.928205490112305,0.019461752846837044,0.002438983414322138,0.021900735795497894,ID-Easy 20 ns
179,-18.057483673095703,0.018354620784521103,0.002300092251971364,0.020654713734984398,ID-Easy 20 ns
180,-17.495243072509766,0.020819881930947304,0.002580102765932679,0.02339998446404934,ID-Easy 20 ns
181,-17.413280487060547,0.01929604262113571,0.0023678510915488005,0.02166389301419258,ID-Easy 20 ns
182,-16.7091064453125,0.016777340322732925,0.0020089943427592516,0.018786335363984108,ID-Easy 20 ns
183,-16.51030921936035,0.01926589570939541,0.0025551924481987953,0.02182108908891678,ID-Easy 20 ns
184,-17.091869354248047,0.023334061726927757,0.0031565993558615446,0.02649066038429737,ID-Easy 20 ns
185,-17.677228927612305,0.02137196809053421,0.0025376356206834316,0.02390960417687893,ID-Easy 20 ns
186,-17.268798828125,0.019328106194734573,0.0025385692715644836,0.021866675466299057,ID-Easy 20 ns
187,-18.734952926635742,0.027306554839015007,0.0038244847673922777,0.031131040304899216,ID-Easy 20 ns
188,-16.835521697998047,0.019128384068608284,0.002474177395924926,0.021602561697363853,ID-Easy 20 ns
189,-17.71462631225586,0.021376673132181168,0.0028769627679139376,0.024253636598587036,ID-Easy 20 ns
190,-18.653461456298828,0.023663397878408432,0.003257081378251314,0.02692047879099846,ID-Easy 20 ns
191,-16.93204689025879,0.01851196400821209,0.0023593935184180737,0.02087135799229145,ID-Easy 20 ns
192,-18.815940856933594,0.02064361982047558,0.0026040852535516024,0.02324770577251911,ID-Easy 20 ns
193,-18.151241302490234,0.02140439674258232,0.0028078178875148296,0.024212215095758438,ID-Easy 20 ns
194,-17.63582992553711,0.017570408061146736,0.00202117208391428,0.01959158107638359,ID-Easy 20 ns
195,-17.496726989746094,0.019297365099191666,0.002515871077775955,0.02181323617696762,ID-Easy 20 ns
196,-18.48224449157715,0.019515646621584892,0.002269275952130556,0.02178492210805416,ID-Easy 20 ns
197,-17.50958251953125,0.01992894895374775,0.0025138428900390863,0.022442791610956192,ID-Easy 20 ns
198,-17.741539001464844,0.021808123216032982,0.0027421447448432446,0.024550268426537514,ID-Easy 20 ns
199,-16.543235778808594,0.018364721909165382,0.002287037204951048,0.020651759579777718,ID-Easy 20 ns
0,-17.522186279296875,0.019406626001000404,0.002405047882348299,0.021811673417687416,ID-Hard 80 ns
1,-17.834808349609375,0.02249763533473015,0.002895454177632928,0.025393089279532433,ID-Hard 80 ns
2,-16.944503784179688,0.02014949917793274,0.002534726168960333,0.02268422581255436,ID-Hard 80 ns
3,-17.674964904785156,0.020854869857430458,0.0026555771473795176,0.023510446771979332,ID-Hard 80 ns
4,-17.40784454345703,0.022111134603619576,0.0028400407172739506,0.02495117485523224,ID-Hard 80 ns
5,-16.630571365356445,0.019285043701529503,0.002415005350485444,0.021700048819184303,ID-Hard 80 ns
6,-17.701885223388672,0.020920777693390846,0.00265815993770957,0.023578938096761703,ID-Hard 80 ns
7,-16.522109985351562,0.02158328704535961,0.002775943838059902,0.02435922995209694,ID-Hard 80 ns
8,-17.273672103881836,0.021129824221134186,0.002684685168787837,0.023814508691430092,ID-Hard 80 ns
9,-17.174728393554688,0.021055785939097404,0.0026783260982483625,0.023734111338853836,ID-Hard 80 ns
10,-18.528825759887695,0.024056462571024895,0.003156892489641905,0.027213355526328087,ID-Hard 80 ns
11,-16.454946517944336,0.01894441992044449,0.002336710225790739,0.021281130611896515,ID-Hard 80 ns
12,-18.013931274414062,0.02066146954894066,0.002646335167810321,0.02330780401825905,ID-Hard 80 ns
13,-17.57057762145996,0.024950606748461723,0.0033275471068918705,0.028278153389692307,ID-Hard 80 ns
14,-17.612773895263672,0.01910410262644291,0.0023932105395942926,0.021497312933206558,ID-Hard 80 ns
15,-17.383106231689453,0.021052854135632515,0.0026640594005584717,0.023716913536190987,ID-Hard 80 ns
16,-17.776229858398438,0.019858118146657944,0.0024908334016799927,0.022348951548337936,ID-Hard 80 ns
17,-17.174768447875977,0.018833037465810776,0.0023386781103909016,0.02117171511054039,ID-Hard 80 ns
18,-17.437761306762695,0.020564202219247818,0.002619532635435462,0.023183735087513924,ID-Hard 80 ns
19,-17.71123695373535,0.022015441209077835,0.0028171343728899956,0.024832576513290405,ID-Hard 80 ns
20,-17.972253799438477,0.022973081097006798,0.0030054489616304636,0.025978529825806618,ID-Hard 80 ns
21,-17.584835052490234,0.02260824479162693,0.0029363015200942755,0.02554454654455185,ID-Hard 80 ns
22,-16.95439338684082,0.02107246033847332,0.0026790951378643513,0.023751555010676384,ID-Hard 80 ns
23,-18.58648109436035,0.02332928404211998,0.0030638650059700012,0.02639314904808998,ID-Hard 80 ns
24,-17.93764877319336,0.022955162450671196,0.002987812040373683,0.025942973792552948,ID-Hard 80 ns
25,-18.25501251220703,0.02316848374903202,0.0030069078784435987,0.02617539092898369,ID-Hard 80 ns
26,-17.271944046020508,0.023402098566293716,0.0030625408980995417,0.026464639231562614,ID-Hard 80 ns
27,-17.513225555419922,0.020553290843963623,0.002599498024210334,0.0231527891010046,ID-Hard 80 ns
28,-17.617124557495117,0.021519096568226814,0.002737306524068117,0.024256402626633644,ID-Hard 80 ns
29,-16.795257568359375,0.021106811240315437,0.0026708398945629597,0.02377765066921711,ID-Hard 80 ns
30,-17.71799087524414,0.023801326751708984,0.003071113955229521,0.026872441172599792,ID-Hard 80 ns
31,-17.023637771606445,0.019757049158215523,0.0025053108111023903,0.022262360900640488,ID-Hard 80 ns
32,-17.77121925354004,0.02089337445795536,0.002667223336175084,0.023560598492622375,ID-Hard 80 ns
33,-16.862567901611328,0.019826998934149742,0.002492656698450446,0.022319655865430832,ID-Hard 80 ns
34,-17.11163330078125,0.018850136548280716,0.002329709241166711,0.021179845556616783,ID-Hard 80 ns
35,-16.488239288330078,0.019579732790589333,0.0024610122200101614,0.022040745243430138,ID-Hard 80 ns
36,-18.210933685302734,0.022781100124120712,0.002960710786283016,0.025741811841726303,ID-Hard 80 ns
37,-17.424158096313477,0.02088007517158985,0.0026546602603048086,0.023534735664725304,ID-Hard 80 ns
38,-17.469030380249023,0.024006405845284462,0.003142457688227296,0.027148863300681114,ID-Hard 80 ns
39,-16.74226951599121,0.01962861604988575,0.0024333654437214136,0.02206198126077652,ID-Hard 80 ns
40,-16.830020904541016,0.017598040401935577,0.0021524736657738686,0.01975051313638687,ID-Hard 80 ns
41,-16.370567321777344,0.01778956688940525,0.002189710270613432,0.01997927762567997,ID-Hard 80 ns
42,-17.717248916625977,0.021033339202404022,0.0026661506853997707,0.02369949035346508,ID-Hard 80 ns
43,-16.573463439941406,0.018529655411839485,0.0023066536523401737,0.02083630859851837,ID-Hard 80 ns
44,-17.91943359375,0.021040746942162514,0.00268460507504642,0.023725351318717003,ID-Hard 80 ns
45,-16.36428451538086,0.019314298406243324,0.00238477042876184,0.021699069067835808,ID-Hard 80 ns
46,-16.059877395629883,0.017440831288695335,0.002107687061652541,0.01954851858317852,ID-Hard 80 ns
47,-17.057655334472656,0.018088137730956078,0.0022207775618880987,0.02030891552567482,ID-Hard 80 ns
48,-17.332447052001953,0.02102477103471756,0.002680595265701413,0.023705366998910904,ID-Hard 80 ns
49,-15.921725273132324,0.01804179698228836,0.002217019209638238,0.020258815959095955,ID-Hard 80 ns
50,-16.026931762695312,0.0192375760525465,0.0024037568364292383,0.021641332656145096,ID-Hard 80 ns
51,-17.407005310058594,0.023138070479035378,0.002972245682030916,0.026110315695405006,ID-Hard 80 ns
52,-18.286327362060547,0.02297447994351387,0.0029569268226623535,0.025931406766176224,ID-Hard 80 ns
53,-17.082090377807617,0.020354071632027626,0.002579829189926386,0.022933900356292725,ID-Hard 80 ns
54,-17.243202209472656,0.020740022882819176,0.0026032014284282923,0.023343224078416824,ID-Hard 80 ns
55,-15.62497329711914,0.018191007897257805,0.0022465349175035954,0.020437542349100113,ID-Hard 80 ns
56,-18.037979125976562,0.025218026712536812,0.0033206408843398094,0.028538666665554047,ID-Hard 80 ns
57,-17.17770004272461,0.01948162540793419,0.002425391925498843,0.0219070166349411,ID-Hard 80 ns
58,-17.000253677368164,0.019620472565293312,0.002464652992784977,0.022085126489400864,ID-Hard 80 ns
59,-18.076059341430664,0.022162092849612236,0.002888699760660529,0.02505079284310341,ID-Hard 80 ns
60,-17.42302703857422,0.01997394673526287,0.0025004511699080467,0.022474396973848343,ID-Hard 80 ns
61,-17.796113967895508,0.021465228870511055,0.002734545385465026,0.024199774488806725,ID-Hard 80 ns
62,-17.40603256225586,0.022599685937166214,0.002910258946940303,0.025509944185614586,ID-Hard 80 ns
63,-18.266761779785156,0.020830553025007248,0.0026474441401660442,0.02347799763083458,ID-Hard 80 ns
64,-16.972362518310547,0.02016899734735489,0.0025654968339949846,0.022734494879841805,ID-Hard 80 ns
65,-17.485448837280273,0.020558714866638184,0.0025856709107756615,0.02314438670873642,ID-Hard 80 ns
66,-17.494413375854492,0.020856281742453575,0.00263874139636755,0.02349502220749855,ID-Hard 80 ns
67,-17.415706634521484,0.02127836085855961,0.00273904949426651,0.02401741035282612,ID-Hard 80 ns
68,-15.976506233215332,0.018331561237573624,0.002249843906611204,0.020581405609846115,ID-Hard 80 ns
69,-17.81629753112793,0.02551298961043358,0.0033695437014102936,0.028882533311843872,ID-Hard 80 ns
70,-16.869810104370117,0.020301679149270058,0.002559745218604803,0.022861424833536148,ID-Hard 80 ns
71,-15.931251525878906,0.01774924248456955,0.0021758268121629953,0.0199250690639019,ID-Hard 80 ns
72,-17.348264694213867,0.022867798805236816,0.0029558376409113407,0.02582363598048687,ID-Hard 80 ns
73,-17.05402374267578,0.02108077146112919,0.0026917390059679747,0.023772509768605232,ID-Hard 80 ns
74,-17.783824920654297,0.02012268640100956,0.0025282951537519693,0.022650981321930885,ID-Hard 80 ns
75,-17.847087860107422,0.020016666501760483,0.002503362251445651,0.022520028054714203,ID-Hard 80 ns
76,-16.808740615844727,0.02057398296892643,0.0025960453785955906,0.023170027881860733,ID-Hard 80 ns
77,-17.082311630249023,0.019474642351269722,0.0024742826353758574,0.02194892428815365,ID-Hard 80 ns
78,-18.205005645751953,0.023544318974018097,0.003077282104641199,0.02662160061299801,ID-Hard 80 ns
79,-17.494165420532227,0.020249228924512863,0.0025449960958212614,0.022794224321842194,ID-Hard 80 ns
80,-17.49286460876465,0.02013348415493965,0.002538047730922699,0.02267153188586235,ID-Hard 80 ns
81,-17.264787673950195,0.02494303695857525,0.0032904157415032387,0.028233453631401062,ID-Hard 80 ns
82,-17.984533309936523,0.023065384477376938,0.002942242193967104,0.026007626205682755,ID-Hard 80 ns
83,-16.905458450317383,0.019533883780241013,0.002443947596475482,0.021977830678224564,ID-Hard 80 ns
84,-16.435165405273438,0.018611514940857887,0.002290662145242095,0.020902177318930626,ID-Hard 80 ns
85,-16.92623519897461,0.019288651645183563,0.0024077813141047955,0.021696433424949646,ID-Hard 80 ns
86,-17.113588333129883,0.020506324246525764,0.0026108035817742348,0.023117128759622574,ID-Hard 80 ns
87,-16.840164184570312,0.019452111795544624,0.00246219034306705,0.021914301440119743,ID-Hard 80 ns
88,-17.10042381286621,0.02088940516114235,0.002666702028363943,0.02355610765516758,ID-Hard 80 ns
89,-16.157238006591797,0.019088225439190865,0.0023685076739639044,0.021456733345985413,ID-Hard 80 ns
90,-16.10894775390625,0.018925746902823448,0.002364284358918667,0.02129003033041954,ID-Hard 80 ns
91,-16.93218421936035,0.02000604383647442,0.002541805850341916,0.022547850385308266,ID-Hard 80 ns
92,-16.485586166381836,0.019113505259156227,0.002366004278883338,0.02147950977087021,ID-Hard 80 ns
93,-17.03681755065918,0.022062845528125763,0.00283981254324317,0.02490265853703022,ID-Hard 80 ns
94,-17.74351692199707,0.021535439416766167,0.002704970072954893,0.024240409955382347,ID-Hard 80 ns
95,-18.0333251953125,0.02127443626523018,0.0027336785569787025,0.024008113890886307,ID-Hard 80 ns
96,-16.165908813476562,0.01881747879087925,0.002343647414818406,0.021161125972867012,ID-Hard 80 ns
97,-16.478818893432617,0.02004699781537056,0.002525076735764742,0.022572074085474014,ID-Hard 80 ns
98,-16.3654842376709,0.017038198187947273,0.002050650306046009,0.019088849425315857,ID-Hard 80 ns
99,-17.837575912475586,0.01996510662138462,0.002496876288205385,0.02246198244392872,ID-Hard 80 ns
100,-17.215782165527344,0.018996018916368484,0.002331838943064213,0.021327856928110123,ID-Hard 80 ns
101,-16.291353225708008,0.01920742355287075,0.002411776455119252,0.021619200706481934,ID-Hard 80 ns
102,-16.32008171081543,0.019066419452428818,0.0023939211387187243,0.021460341289639473,ID-Hard 80 ns
103,-18.24618911743164,0.020986059680581093,0.0026366040110588074,0.0236226636916399,ID-Hard 80 ns
104,-17.51622772216797,0.02428746595978737,0.0031604385003447533,0.027447905391454697,ID-Hard 80 ns
105,-16.449649810791016,0.020262336358428,0.0025653024204075336,0.022827638313174248,ID-Hard 80 ns
106,-17.387279510498047,0.020935706794261932,0.002674172632396221,0.023609880357980728,ID-Hard 80 ns
107,-16.727760314941406,0.018444262444972992,0.0022875915747135878,0.02073185332119465,ID-Hard 80 ns
108,-17.33102035522461,0.02011531963944435,0.002535379957407713,0.02265070006251335,ID-Hard 80 ns
109,-16.636276245117188,0.01958637125790119,0.0024865414015948772,0.022072913125157356,ID-Hard 80 ns
110,-16.650882720947266,0.018676085397601128,0.0023044149857014418,0.02098049968481064,ID-Hard 80 ns
111,-16.838699340820312,0.018906159326434135,0.0023350673727691174,0.02124122716486454,ID-Hard 80 ns
112,-16.810935974121094,0.018786244094371796,0.002362406812608242,0.021148651838302612,ID-Hard 80 ns
113,-17.443695068359375,0.02061043307185173,0.0026010621804744005,0.023211495950818062,ID-Hard 80 ns
114,-18.151973724365234,0.021986614912748337,0.0028242275584489107,0.02481084316968918,ID-Hard 80 ns
115,-16.762020111083984,0.02002117596566677,0.002539240289479494,0.022560415789484978,ID-Hard 80 ns
116,-16.86833953857422,0.018861280754208565,0.0023254125844687223,0.021186692640185356,ID-Hard 80 ns
117,-17.424528121948242,0.02357807569205761,0.00307696801610291,0.02665504440665245,ID-Hard 80 ns
118,-17.203691482543945,0.019705994054675102,0.0024729815777391195,0.022178975865244865,ID-Hard 80 ns
119,-17.13328742980957,0.020864345133304596,0.00267034862190485,0.02353469282388687,ID-Hard 80 ns
120,-17.831052780151367,0.020439989864826202,0.002566790673881769,0.023006780073046684,ID-Hard 80 ns
121,-16.723541259765625,0.02119763381779194,0.00271150516346097,0.02390913851559162,ID-Hard 80 ns
122,-16.492555618286133,0.0210767462849617,0.0026857464108616114,0.023762492462992668,ID-Hard 80 ns
123,-17.40380859375,0.02200242131948471,0.002820141613483429,0.02482256293296814,ID-Hard 80 ns
124,-17.537960052490234,0.021177025511860847,0.002685030223801732,0.02386205643415451,ID-Hard 80 ns
125,-17.30038070678711,0.021541543304920197,0.002792557468637824,0.024334101006388664,ID-Hard 80 ns
126,-17.231163024902344,0.020101865753531456,0.002540991175919771,0.02264285646378994,ID-Hard 80 ns
127,-17.037437438964844,0.019744249060750008,0.00246636220254004,0.022210611030459404,ID-Hard 80 ns
128,-16.26659393310547,0.02049229107797146,0.00260737631469965,0.023099668323993683,ID-Hard 80 ns
129,-17.765718460083008,0.020682036876678467,0.0026011615991592407,0.023283198475837708,ID-Hard 80 ns
130,-17.038604736328125,0.021584760397672653,0.0027614436112344265,0.024346204474568367,ID-Hard 80 ns
131,-17.916454315185547,0.024564625695347786,0.0032001794315874577,0.027764804661273956,ID-Hard 80 ns
132,-17.784936904907227,0.022834254428744316,0.0029506690334528685,0.025784922763705254,ID-Hard 80 ns
133,-15.987797737121582,0.017791232094168663,0.002196888206526637,0.01998811960220337,ID-Hard 80 ns
134,-17.179536819458008,0.019331742078065872,0.0024061272852122784,0.021737869828939438,ID-Hard 80 ns
135,-17.592262268066406,0.020405618473887444,0.0025614751502871513,0.02296709269285202,ID-Hard 80 ns
136,-18.01491928100586,0.020038532093167305,0.0025149211287498474,0.022553453221917152,ID-Hard 80 ns
137,-16.079833984375,0.018861932680010796,0.0023301977198570967,0.02119212970137596,ID-Hard 80 ns
138,-17.22913932800293,0.022030601277947426,0.002800379181280732,0.024830980226397514,ID-Hard 80 ns
139,-17.43792724609375,0.02157564088702202,0.0027355696074664593,0.024311210960149765,ID-Hard 80 ns
140,-16.540525436401367,0.02474449947476387,0.0032504696864634752,0.027994969859719276,ID-Hard 80 ns
141,-17.342947006225586,0.019975487142801285,0.00251940730959177,0.02249489352107048,ID-Hard 80 ns
142,-17.952239990234375,0.019007742404937744,0.0023368492256850004,0.021344590932130814,ID-Hard 80 ns
143,-17.948144912719727,0.023862797766923904,0.003124698530882597,0.02698749676346779,ID-Hard 80 ns
144,-16.824695587158203,0.02087370678782463,0.002650324022397399,0.023524031043052673,ID-Hard 80 ns
145,-17.029035568237305,0.021658558398485184,0.002759852446615696,0.024418409913778305,ID-Hard 80 ns
146,-16.921728134155273,0.020338134840130806,0.002535049105063081,0.022873183712363243,ID-Hard 80 ns
147,-16.90178680419922,0.019600844010710716,0.0024448672775179148,0.022045711055397987,ID-Hard 80 ns
148,-17.778242111206055,0.02246537245810032,0.002879279898479581,0.02534465305507183,ID-Hard 80 ns
149,-18.150876998901367,0.022096434608101845,0.0028391655068844557,0.02493559941649437,ID-Hard 80 ns
150,-17.8422908782959,0.021719694137573242,0.0027518169954419136,0.02447151020169258,ID-Hard 80 ns
151,-16.540447235107422,0.017962956801056862,0.002205420983955264,0.020168377086520195,ID-Hard 80 ns
152,-17.489295959472656,0.024677816778421402,0.00326945330016315,0.02794726938009262,ID-Hard 80 ns
153,-17.87389373779297,0.0218778345733881,0.0028142742812633514,0.02469210885465145,ID-Hard 80 ns
154,-17.72138786315918,0.023205941542983055,0.0030314610339701176,0.026237402111291885,ID-Hard 80 ns
155,-17.25998306274414,0.022222021594643593,0.00283931870944798,0.025061341002583504,ID-Hard 80 ns
156,-17.578720092773438,0.01966759003698826,0.0024646357633173466,0.022132225334644318,ID-Hard 80 ns
157,-17.449796676635742,0.019416095688939095,0.002434522844851017,0.021850619465112686,ID-Hard 80 ns
158,-17.376163482666016,0.02040359564125538,0.002579951426014304,0.022983547300100327,ID-Hard 80 ns
159,-17.592267990112305,0.020844463258981705,0.002635006094351411,0.023479469120502472,ID-Hard 80 ns
160,-17.53904151916504,0.01935458928346634,0.0024112313985824585,0.021765820682048798,ID-Hard 80 ns
161,-18.045616149902344,0.020866183564066887,0.002651766873896122,0.023517951369285583,ID-Hard 80 ns
162,-17.680301666259766,0.024360859766602516,0.003212247509509325,0.027573106810450554,ID-Hard 80 ns
163,-17.773006439208984,0.020542344078421593,0.002611764706671238,0.023154109716415405,ID-Hard 80 ns
164,-17.67572593688965,0.02278600074350834,0.0029251480009406805,0.025711148977279663,ID-Hard 80 ns
165,-17.286376953125,0.019882142543792725,0.0024858966935425997,0.022368039935827255,ID-Hard 80 ns
166,-17.459749221801758,0.021009104326367378,0.0026658661663532257,0.023674970492720604,ID-Hard 80 ns
167,-17.4361572265625,0.024292683228850365,0.0031926631927490234,0.027485346421599388,ID-Hard 80 ns
168,-17.340469360351562,0.022322161123156548,0.0028668094892054796,0.025188971310853958,ID-Hard 80 ns
169,-16.54713249206543,0.019167879596352577,0.0023919616360217333,0.02155984193086624,ID-Hard 80 ns
170,-17.225812911987305,0.020865095779299736,0.002620856976136565,0.023485952988266945,ID-Hard 80 ns
171,-16.665746688842773,0.018852654844522476,0.002343718660995364,0.02119637280702591,ID-Hard 80 ns
172,-17.348840713500977,0.02360657788813114,0.003082521725445986,0.02668909914791584,ID-Hard 80 ns
173,-17.126632690429688,0.01991463452577591,0.002515853615477681,0.02243048883974552,ID-Hard 80 ns
174,-17.659648895263672,0.02196630835533142,0.0028186191339045763,0.024784928187727928,ID-Hard 80 ns
175,-16.87131690979004,0.018770035356283188,0.00230915448628366,0.02107919007539749,ID-Hard 80 ns
176,-17.90288734436035,0.023467419669032097,0.003024779725819826,0.026492198929190636,ID-Hard 80 ns
177,-16.82268524169922,0.02018669806420803,0.00254426384344697,0.022730961441993713,ID-Hard 80 ns
178,-17.124378204345703,0.019247256219387054,0.0023979097604751587,0.021645165979862213,ID-Hard 80 ns
179,-18.266542434692383,0.020920168608427048,0.002641209401190281,0.023561377078294754,ID-Hard 80 ns
180,-17.469192504882812,0.01919226162135601,0.0023969749454408884,0.021589236333966255,ID-Hard 80 ns
181,-16.850053787231445,0.02123812772333622,0.0026600195560604334,0.02389814704656601,ID-Hard 80 ns
182,-17.20157814025879,0.019332220777869225,0.0024011970963329077,0.021733418107032776,ID-Hard 80 ns
183,-17.103811264038086,0.019644564017653465,0.002420497126877308,0.022065062075853348,ID-Hard 80 ns
184,-18.27397346496582,0.024742495268583298,0.0032181136775761843,0.027960609644651413,ID-Hard 80 ns
185,-16.895858764648438,0.01884317956864834,0.002336734440177679,0.021179914474487305,ID-Hard 80 ns
186,-16.68149185180664,0.01892784796655178,0.0023504814598709345,0.02127832919359207,ID-Hard 80 ns
187,-17.20470428466797,0.021573461592197418,0.002799231791868806,0.02437269315123558,ID-Hard 80 ns
188,-17.33453941345215,0.022148454561829567,0.002869140123948455,0.025017594918608665,ID-Hard 80 ns
189,-16.888341903686523,0.020501239225268364,0.002603246131911874,0.023104485124349594,ID-Hard 80 ns
190,-17.32179069519043,0.023393290117383003,0.0030278756748884916,0.026421165093779564,ID-Hard 80 ns
191,-16.7445068359375,0.02105376310646534,0.002666652901098132,0.02372041530907154,ID-Hard 80 ns
192,-17.184612274169922,0.01891622506082058,0.002356895711272955,0.021273121237754822,ID-Hard 80 ns
193,-18.30217742919922,0.023951267823576927,0.0031346336472779512,0.02708590216934681,ID-Hard 80 ns
194,-17.06612205505371,0.022004002705216408,0.0028283880092203617,0.024832390248775482,ID-Hard 80 ns
195,-17.25156021118164,0.02191726118326187,0.0028064376674592495,0.024723699316382408,ID-Hard 80 ns
196,-17.59341812133789,0.020960776135325432,0.002655352232977748,0.02361612766981125,ID-Hard 80 ns
197,-17.32018280029297,0.019931809976696968,0.002503002295270562,0.022434812039136887,ID-Hard 80 ns
198,-17.5078125,0.021271875128149986,0.0026953404303640127,0.023967215791344643,ID-Hard 80 ns
199,-17.01205062866211,0.02019049972295761,0.0025281200651079416,0.02271861955523491,ID-Hard 80 ns
0,-14.868459701538086,0.018776865676045418,0.0023550651967525482,0.021131930872797966,OOD-Near 120 ns
1,-15.095315933227539,0.020234234631061554,0.0025311142671853304,0.022765349596738815,OOD-Near 120 ns
2,-15.308485984802246,0.0203730259090662,0.0025738233234733343,0.022946849465370178,OOD-Near 120 ns
3,-15.326367378234863,0.021531062200665474,0.00273520196788013,0.024266263470053673,OOD-Near 120 ns
4,-15.568979263305664,0.021732600405812263,0.0027918582782149315,0.02452445775270462,OOD-Near 120 ns
5,-14.47834587097168,0.019038992002606392,0.002354271477088332,0.021393263712525368,OOD-Near 120 ns
6,-16.01349639892578,0.02070085145533085,0.0026011427398771048,0.023301994428038597,OOD-Near 120 ns
7,-16.939786911010742,0.022883106023073196,0.0029411897994577885,0.025824295356869698,OOD-Near 120 ns
8,-16.499210357666016,0.02153014950454235,0.002735912799835205,0.024266062304377556,OOD-Near 120 ns
9,-15.546829223632812,0.021874161437153816,0.002828233176842332,0.024702394381165504,OOD-Near 120 ns
10,-15.483965873718262,0.02167312614619732,0.0027886121533811092,0.024461738765239716,OOD-Near 120 ns
11,-15.938214302062988,0.01921604387462139,0.0023952217306941748,0.02161126583814621,OOD-Near 120 ns
12,-16.67432403564453,0.023649662733078003,0.0030913050286471844,0.026740968227386475,OOD-Near 120 ns
13,-14.922609329223633,0.019336704164743423,0.002394723240286112,0.021731426939368248,OOD-Near 120 ns
14,-13.50187873840332,0.018418435007333755,0.0022670652251690626,0.020685499534010887,OOD-Near 120 ns
15,-14.721626281738281,0.01993599161505699,0.002488739788532257,0.02242473140358925,OOD-Near 120 ns
16,-15.997160911560059,0.023647133260965347,0.003103412687778473,0.02675054594874382,OOD-Near 120 ns
17,-14.663995742797852,0.019177138805389404,0.0024024834856390953,0.021579623222351074,OOD-Near 120 ns
18,-16.891494750976562,0.02471068874001503,0.0032600308768451214,0.02797072008252144,OOD-Near 120 ns
19,-15.915160179138184,0.01983959600329399,0.002486479701474309,0.02232607640326023,OOD-Near 120 ns
20,-15.593057632446289,0.019928861409425735,0.0025039042811840773,0.022432764992117882,OOD-Near 120 ns
21,-16.28034782409668,0.02106541581451893,0.0026777118910104036,0.023743128404021263,OOD-Near 120 ns
22,-13.856287002563477,0.019053569063544273,0.0023705800995230675,0.021424148231744766,OOD-Near 120 ns
23,-16.671022415161133,0.023098977282643318,0.002982546342536807,0.026081522926688194,OOD-Near 120 ns
24,-15.108981132507324,0.019334902986884117,0.0024083436001092196,0.021743247285485268,OOD-Near 120 ns
25,-14.968835830688477,0.020408205687999725,0.00257521728053689,0.022983422502875328,OOD-Near 120 ns
26,-15.284265518188477,0.018808038905262947,0.002334203105419874,0.02114224247634411,OOD-Near 120 ns
27,-16.160587310791016,0.022389888763427734,0.0028681443072855473,0.025258032605051994,OOD-Near 120 ns
28,-16.28353500366211,0.022017991170287132,0.0028142377268522978,0.0248322281986475,OOD-Near 120 ns
29,-16.445199966430664,0.02185894176363945,0.002805088646709919,0.024664029479026794,OOD-Near 120 ns
30,-13.372467041015625,0.018870819360017776,0.002338948892429471,0.02120976895093918,OOD-Near 120 ns
31,-15.459163665771484,0.02151828072965145,0.002716236747801304,0.02423451840877533,OOD-Near 120 ns
32,-15.591978073120117,0.02084341086447239,0.002653127769008279,0.023496538400650024,OOD-Near 120 ns
33,-16.413442611694336,0.022999370470643044,0.0029411937575787306,0.025940563529729843,OOD-Near 120 ns
34,-14.908208847045898,0.020353855565190315,0.0025616551283746958,0.022915510460734367,OOD-Near 120 ns
35,-14.510169982910156,0.02099752239882946,0.002711856970563531,0.023709379136562347,OOD-Near 120 ns
36,-15.494933128356934,0.023901719599962234,0.0031202773097902536,0.027021996676921844,OOD-Near 120 ns
37,-15.437321662902832,0.022042496129870415,0.0028399149887263775,0.02488241158425808,OOD-Near 120 ns
38,-14.354552268981934,0.020691873505711555,0.002637416124343872,0.023329289630055428,OOD-Near 120 ns
39,-15.376842498779297,0.020543424412608147,0.002641380066052079,0.023184804245829582,OOD-Near 120 ns
40,-13.9835205078125,0.01810290478169918,0.002237448701635003,0.02034035325050354,OOD-Near 120 ns
41,-14.82368278503418,0.020461680367588997,0.002588062547147274,0.023049741983413696,OOD-Near 120 ns
42,-15.348721504211426,0.018983501940965652,0.002366866683587432,0.021350368857383728,OOD-Near 120 ns
43,-15.309208869934082,0.020652838051319122,0.0026421884540468454,0.023295026272535324,OOD-Near 120 ns
44,-15.738386154174805,0.022306470200419426,0.0029168373439460993,0.02522330731153488,OOD-Near 120 ns
45,-16.174209594726562,0.022147666662931442,0.0028192526660859585,0.024966919794678688,OOD-Near 120 ns
46,-15.131113052368164,0.021018479019403458,0.00267051812261343,0.023688998073339462,OOD-Near 120 ns
47,-14.587069511413574,0.019322585314512253,0.002434021793305874,0.0217566080391407,OOD-Near 120 ns
48,-14.92933177947998,0.019466741010546684,0.0024322853423655033,0.0218990258872509,OOD-Near 120 ns
49,-14.571077346801758,0.01991657353937626,0.0025284430012106895,0.022445015609264374,OOD-Near 120 ns
50,-14.542311668395996,0.01983795501291752,0.0025206005666404963,0.02235855534672737,OOD-Near 120 ns
51,-15.717880249023438,0.02187672071158886,0.002843561116605997,0.02472028136253357,OOD-Near 120 ns
52,-15.422412872314453,0.02116657979786396,0.0026742981281131506,0.023840878158807755,OOD-Near 120 ns
53,-15.874231338500977,0.020533472299575806,0.0026122627314180136,0.023145735263824463,OOD-Near 120 ns
54,-16.255949020385742,0.02107206918299198,0.0026849894784390926,0.02375705912709236,OOD-Near 120 ns
55,-14.654510498046875,0.02111154794692993,0.0026774650905281305,0.02378901280462742,OOD-Near 120 ns
56,-15.6029052734375,0.021209780126810074,0.0026659348513931036,0.02387571521103382,OOD-Near 120 ns
57,-15.230402946472168,0.01985393837094307,0.0024873828515410423,0.022341322153806686,OOD-Near 120 ns
58,-15.049781799316406,0.02156548574566841,0.0027703172527253628,0.02433580346405506,OOD-Near 120 ns
59,-13.964733123779297,0.018999679014086723,0.0023660941515117884,0.021365772932767868,OOD-Near 120 ns
60,-15.752373695373535,0.020103590562939644,0.002568303607404232,0.0226718932390213,OOD-Near 120 ns
61,-12.684825897216797,0.019341444596648216,0.0024322704412043095,0.02177371457219124,OOD-Near 120 ns
62,-16.166711807250977,0.022559992969036102,0.0029045874252915382,0.025464579463005066,OOD-Near 120 ns
63,-15.420938491821289,0.020175201818346977,0.0025587568525224924,0.022733958438038826,OOD-Near 120 ns
64,-16.426027297973633,0.023092392832040787,0.0029498303774744272,0.02604222297668457,OOD-Near 120 ns
65,-15.717748641967773,0.02111736126244068,0.002650271402671933,0.023767633363604546,OOD-Near 120 ns
66,-14.73879337310791,0.02100295200943947,0.002712240209802985,0.023715192452073097,OOD-Near 120 ns
67,-13.960126876831055,0.019704580307006836,0.002483722288161516,0.022188302129507065,OOD-Near 120 ns
68,-15.194153785705566,0.020538147538900375,0.002580176340416074,0.02311832457780838,OOD-Near 120 ns
69,-14.337578773498535,0.020941250026226044,0.002644795458763838,0.02358604595065117,OOD-Near 120 ns
70,-15.902303695678711,0.02202444337308407,0.002806153381243348,0.024830596521496773,OOD-Near 120 ns
71,-15.749937057495117,0.022928280755877495,0.002950226189568639,0.025878507643938065,OOD-Near 120 ns
72,-15.150196075439453,0.022579951211810112,0.0028941333293914795,0.02547408454120159,OOD-Near 120 ns
73,-15.908342361450195,0.0218218844383955,0.002798185683786869,0.024620071053504944,OOD-Near 120 ns
74,-16.65645408630371,0.021502207964658737,0.002746355487033725,0.02424856275320053,OOD-Near 120 ns
75,-14.71351432800293,0.022522497922182083,0.0029005552642047405,0.02542305365204811,OOD-Near 120 ns
76,-13.920036315917969,0.019283616915345192,0.0024242650251835585,0.02170788124203682,OOD-Near 120 ns
77,-15.946126937866211,0.021646646782755852,0.0027363309636712074,0.024382978677749634,OOD-Near 120 ns
78,-15.540925025939941,0.02108609303832054,0.002684452570974827,0.023770544677972794,OOD-Near 120 ns
79,-16.15605926513672,0.021872689947485924,0.0027752206660807133,0.02464791014790535,OOD-Near 120 ns
80,-15.658020973205566,0.022640762850642204,0.0029191498178988695,0.025559913367033005,OOD-Near 120 ns
81,-15.667675971984863,0.01910068839788437,0.0023845748510211706,0.021485263481736183,OOD-Near 120 ns
82,-15.601834297180176,0.023233048617839813,0.003027029102668166,0.026260077953338623,OOD-Near 120 ns
83,-15.379958152770996,0.02337603084743023,0.003035367466509342,0.026411399245262146,OOD-Near 120 ns
84,-15.659441947937012,0.02169007807970047,0.0027881076093763113,0.024478185921907425,OOD-Near 120 ns
85,-14.939718246459961,0.021190699189901352,0.002711522625759244,0.023902222514152527,OOD-Near 120 ns
86,-14.987458229064941,0.018517380580306053,0.0022918565664440393,0.02080923691391945,OOD-Near 120 ns
87,-14.350528717041016,0.01901046372950077,0.0023589609190821648,0.02136942371726036,OOD-Near 120 ns
88,-15.992034912109375,0.02055867202579975,0.002592297038063407,0.023150969296693802,OOD-Near 120 ns
89,-16.54381561279297,0.02203308418393135,0.002821719041094184,0.02485480345785618,OOD-Near 120 ns
90,-14.748087882995605,0.018557433038949966,0.0022925070952624083,0.020849939435720444,OOD-Near 120 ns
91,-15.634683609008789,0.02812221832573414,0.0038246463518589735,0.03194686397910118,OOD-Near 120 ns
92,-16.46207046508789,0.021391678601503372,0.00273142964579165,0.02412310801446438,OOD-Near 120 ns
93,-16.424278259277344,0.02342657558619976,0.0030646915547549725,0.02649126760661602,OOD-Near 120 ns
94,-16.7376708984375,0.022817840799689293,0.002937871031463146,0.025755710899829865,OOD-Near 120 ns
95,-16.763336181640625,0.02318708971142769,0.003007378662005067,0.026194468140602112,OOD-Near 120 ns
96,-15.621347427368164,0.02028246410191059,0.002570008160546422,0.022852472960948944,OOD-Near 120 ns
97,-15.780301094055176,0.02006794884800911,0.0025505060330033302,0.022618453949689865,OOD-Near 120 ns
98,-15.668222427368164,0.019825724884867668,0.002522094873711467,0.022347819060087204,OOD-Near 120 ns
99,-15.630847930908203,0.025463921949267387,0.0034373553935438395,0.028901277109980583,OOD-Near 120 ns
100,-16.4815673828125,0.021636728197336197,0.0027706087566912174,0.024407336488366127,OOD-Near 120 ns
101,-14.684344291687012,0.01989203691482544,0.002516221022233367,0.02240825816988945,OOD-Near 120 ns
102,-15.148984909057617,0.02147073671221733,0.0027286370750516653,0.02419937402009964,OOD-Near 120 ns
103,-14.983160018920898,0.019912898540496826,0.002506087999790907,0.02241898700594902,OOD-Near 120 ns
104,-15.500436782836914,0.023193413391709328,0.0030214523430913687,0.02621486596763134,OOD-Near 120 ns
105,-14.869098663330078,0.019552208483219147,0.002477842615917325,0.022030051797628403,OOD-Near 120 ns
106,-16.26814079284668,0.024451497942209244,0.003174491925165057,0.02762598916888237,OOD-Near 120 ns
107,-16.11899185180664,0.020677322521805763,0.002575472928583622,0.02325279638171196,OOD-Near 120 ns
108,-14.355409622192383,0.01893571950495243,0.0023685952182859182,0.021304314956068993,OOD-Near 120 ns
109,-15.918886184692383,0.021512480452656746,0.0027514747343957424,0.024263955652713776,OOD-Near 120 ns
110,-14.455328941345215,0.01882854290306568,0.0023672140669077635,0.021195756271481514,OOD-Near 120 ns
111,-16.075138092041016,0.022303394973278046,0.002888762392103672,0.025192156434059143,OOD-Near 120 ns
112,-16.158727645874023,0.02401413582265377,0.0031090357806533575,0.02712317183613777,OOD-Near 120 ns
113,-13.826675415039062,0.018214143812656403,0.002266447525471449,0.02048059180378914,OOD-Near 120 ns
114,-15.357038497924805,0.01891184225678444,0.0023690457455813885,0.021280888468027115,OOD-Near 120 ns
115,-15.816203117370605,0.02068115957081318,0.0026207040064036846,0.02330186404287815,OOD-Near 120 ns
116,-15.835609436035156,0.020003708079457283,0.002532440237700939,0.022536147385835648,OOD-Near 120 ns
117,-15.941774368286133,0.020916840061545372,0.002618978498503566,0.023535817861557007,OOD-Near 120 ns
118,-15.961247444152832,0.020846644416451454,0.0026764795184135437,0.023523123934864998,OOD-Near 120 ns
119,-13.297586441040039,0.018207231536507607,0.0022426932118833065,0.0204499252140522,OOD-Near 120 ns
120,-15.532723426818848,0.022285381332039833,0.002872895449399948,0.02515827678143978,OOD-Near 120 ns
121,-15.125570297241211,0.021522607654333115,0.0027304766699671745,0.024253085255622864,OOD-Near 120 ns
122,-16.354137420654297,0.02256440743803978,0.0029411031864583492,0.025505511090159416,OOD-Near 120 ns
123,-15.00064754486084,0.020963937044143677,0.0026905618142336607,0.023654498159885406,OOD-Near 120 ns
124,-16.97808074951172,0.022323379293084145,0.0028790507931262255,0.0252024307847023,OOD-Near 120 ns
125,-15.808409690856934,0.023199133574962616,0.0030181421898305416,0.026217276230454445,OOD-Near 120 ns
126,-15.86412239074707,0.022450894117355347,0.002879709005355835,0.02533060312271118,OOD-Near 120 ns
127,-13.698017120361328,0.019539130851626396,0.002414851915091276,0.02195398323237896,OOD-Near 120 ns
128,-16.087055206298828,0.021161574870347977,0.0026709367521107197,0.02383251115679741,OOD-Near 120 ns
129,-15.862826347351074,0.020577287301421165,0.002572085941210389,0.02314937300980091,OOD-Near 120 ns
130,-14.60958480834961,0.021556055173277855,0.002770202001556754,0.024326257407665253,OOD-Near 120 ns
131,-15.96391773223877,0.023824525997042656,0.003052870277315378,0.026877395808696747,OOD-Near 120 ns
132,-16.222301483154297,0.020812956616282463,0.0026526949368417263,0.023465652018785477,OOD-Near 120 ns
133,-15.12971019744873,0.02043885737657547,0.002609763527289033,0.02304862067103386,OOD-Near 120 ns
134,-15.734964370727539,0.02088288404047489,0.0026572495698928833,0.023540133610367775,OOD-Near 120 ns
135,-14.353795051574707,0.021840421482920647,0.0028184978291392326,0.024658918380737305,OOD-Near 120 ns
136,-15.45144271850586,0.021060027182102203,0.0027000459376722574,0.023760072886943817,OOD-Near 120 ns
137,-16.183469772338867,0.025795551016926765,0.0034660683013498783,0.029261618852615356,OOD-Near 120 ns
138,-14.301345825195312,0.020021606236696243,0.0025538625195622444,0.022575467824935913,OOD-Near 120 ns
139,-15.296573638916016,0.021352378651499748,0.0027565956115722656,0.024108974263072014,OOD-Near 120 ns
140,-15.355844497680664,0.020700590685009956,0.002642192644998431,0.023342782631516457,OOD-Near 120 ns
141,-13.963932037353516,0.01823214255273342,0.002239764202386141,0.020471906289458275,OOD-Near 120 ns
142,-14.740877151489258,0.020855607464909554,0.002681210171431303,0.023536818102002144,OOD-Near 120 ns
143,-15.992372512817383,0.020044568926095963,0.0025392426177859306,0.022583812475204468,OOD-Near 120 ns
144,-16.029970169067383,0.02227221243083477,0.002853964688256383,0.025126177817583084,OOD-Near 120 ns
145,-15.57553768157959,0.020270995795726776,0.0025194017216563225,0.022790398448705673,OOD-Near 120 ns
146,-15.612770080566406,0.02014291286468506,0.002521455753594637,0.022664368152618408,OOD-Near 120 ns
147,-15.580276489257812,0.022448396310210228,0.0028345114551484585,0.025282908231019974,OOD-Near 120 ns
148,-15.147977828979492,0.019741209223866463,0.00249591120518744,0.02223712019622326,OOD-Near 120 ns
149,-14.542664527893066,0.018847892060875893,0.0023413619492202997,0.02118925377726555,OOD-Near 120 ns
150,-15.887541770935059,0.02089090831577778,0.0026596386451274157,0.023550547659397125,OOD-Near 120 ns
151,-13.087090492248535,0.01873052306473255,0.0023228174541145563,0.021053340286016464,OOD-Near 120 ns
152,-15.921369552612305,0.021628769114613533,0.0027829299215227365,0.024411698803305626,OOD-Near 120 ns
153,-16.601375579833984,0.02443382516503334,0.0031734982039779425,0.027607323601841927,OOD-Near 120 ns
154,-15.750765800476074,0.023014379665255547,0.0029822171200066805,0.025996597483754158,OOD-Near 120 ns
155,-15.499549865722656,0.02422604151070118,0.0031730716582387686,0.027399113401770592,OOD-Near 120 ns
156,-15.029212951660156,0.020386844873428345,0.0025325710885226727,0.022919416427612305,OOD-Near 120 ns
157,-16.676671981811523,0.022247813642024994,0.002848404459655285,0.025096219033002853,OOD-Near 120 ns
158,-15.933114051818848,0.023712128400802612,0.0030656850431114435,0.026777813211083412,OOD-Near 120 ns
159,-15.063375473022461,0.018687618896365166,0.002324494067579508,0.021012112498283386,OOD-Near 120 ns
160,-14.614465713500977,0.019744396209716797,0.0024798414669930935,0.022224238142371178,OOD-Near 120 ns
161,-15.558625221252441,0.01983940601348877,0.002463045297190547,0.022302450612187386,OOD-Near 120 ns
162,-14.063222885131836,0.018410446122288704,0.0022756613325327635,0.020686106756329536,OOD-Near 120 ns
163,-15.566520690917969,0.01983175426721573,0.0024859984405338764,0.022317752242088318,OOD-Near 120 ns
164,-13.766733169555664,0.01869766227900982,0.0023265352938324213,0.021024197340011597,OOD-Near 120 ns
165,-14.755778312683105,0.019790340214967728,0.002492242958396673,0.022282583639025688,OOD-Near 120 ns
166,-16.544940948486328,0.02291090041399002,0.0029976293444633484,0.02590852975845337,OOD-Near 120 ns
167,-15.423736572265625,0.022221887484192848,0.0028128207195550203,0.0250347089022398,OOD-Near 120 ns
168,-15.060357093811035,0.021412808448076248,0.00273198913782835,0.024144798517227173,OOD-Near 120 ns
169,-16.45056915283203,0.022595174610614777,0.002868873765692115,0.025464048609137535,OOD-Near 120 ns
170,-15.699686050415039,0.019791273400187492,0.0024924452882260084,0.02228371798992157,OOD-Near 120 ns
171,-15.644989013671875,0.020223112776875496,0.0025471732951700687,0.022770285606384277,OOD-Near 120 ns
172,-15.257325172424316,0.01971556805074215,0.0024656588211655617,0.022181227803230286,OOD-Near 120 ns
173,-14.519940376281738,0.020415818318724632,0.00259761861525476,0.023013437166810036,OOD-Near 120 ns
174,-15.320327758789062,0.021978816017508507,0.0028013514820486307,0.024780167266726494,OOD-Near 120 ns
175,-15.884140014648438,0.021408284083008766,0.0027171275578439236,0.024125412106513977,OOD-Near 120 ns
176,-14.698579788208008,0.018695751205086708,0.00233194581232965,0.021027697250247,OOD-Near 120 ns
177,-15.566587448120117,0.019709860906004906,0.0024760826490819454,0.02218594402074814,OOD-Near 120 ns
178,-15.989693641662598,0.021915670484304428,0.002838235581293702,0.024753905832767487,OOD-Near 120 ns
179,-15.587363243103027,0.01960432156920433,0.002458327217027545,0.022062648087739944,OOD-Near 120 ns
180,-14.759912490844727,0.02097073383629322,0.0026722599286586046,0.023642994463443756,OOD-Near 120 ns
181,-14.574331283569336,0.018855661153793335,0.0023493259213864803,0.021204987540841103,OOD-Near 120 ns
182,-16.12320899963379,0.020571229979395866,0.0026222658343613148,0.023193495348095894,OOD-Near 120 ns
183,-16.5922908782959,0.021072644740343094,0.0026392522267997265,0.023711897432804108,OOD-Near 120 ns
184,-14.000446319580078,0.01962685026228428,0.0024640262126922607,0.02209087647497654,OOD-Near 120 ns
185,-16.147113800048828,0.021857840940356255,0.002817479195073247,0.024675320833921432,OOD-Near 120 ns
186,-14.887214660644531,0.02126627042889595,0.002735338406637311,0.024001609534025192,OOD-Near 120 ns
187,-14.961681365966797,0.01914370432496071,0.002391277812421322,0.021534983068704605,OOD-Near 120 ns
188,-15.332818031311035,0.021660935133695602,0.0028044614009559155,0.024465397000312805,OOD-Near 120 ns
189,-15.007342338562012,0.019975682720541954,0.002538611413910985,0.02251429483294487,OOD-Near 120 ns
190,-16.42974090576172,0.024785276502370834,0.0032100407406687737,0.027995318174362183,OOD-Near 120 ns
191,-15.758732795715332,0.023281166329979897,0.00302676809951663,0.026307934895157814,OOD-Near 120 ns
192,-15.753622055053711,0.019988011568784714,0.002494937041774392,0.022482948377728462,OOD-Near 120 ns
193,-14.288325309753418,0.019554944708943367,0.002449824707582593,0.02200477011501789,OOD-Near 120 ns
194,-14.707366943359375,0.020140700042247772,0.0025421848986297846,0.022682884708046913,OOD-Near 120 ns
195,-15.60346794128418,0.021987399086356163,0.002832962665706873,0.02482036128640175,OOD-Near 120 ns
196,-14.46175765991211,0.02045821025967598,0.002592637436464429,0.02305084839463234,OOD-Near 120 ns
197,-16.30158805847168,0.021873189136385918,0.0027943968307226896,0.024667585268616676,OOD-Near 120 ns
198,-13.973365783691406,0.01870325766503811,0.00233097025193274,0.021034227684140205,OOD-Near 120 ns
199,-13.297090530395508,0.019557343795895576,0.0024611628614366055,0.02201850712299347,OOD-Near 120 ns
0,1.399835228919983,0.024537986144423485,0.0033715933095663786,0.027909578755497932,OOD-Far 1 ms
1,1.3909722566604614,0.025570981204509735,0.0035041847731918097,0.02907516621053219,OOD-Far 1 ms
2,1.5289186239242554,0.022855130955576897,0.003064174437895417,0.02591930516064167,OOD-Far 1 ms
3,1.6148133277893066,0.025837358087301254,0.0034960133489221334,0.02933337166905403,OOD-Far 1 ms
4,1.7866069078445435,0.02403339557349682,0.0032984816934913397,0.027331877499818802,OOD-Far 1 ms
5,1.3383615016937256,0.028006907552480698,0.003917777445167303,0.03192468360066414,OOD-Far 1 ms
6,1.2849663496017456,0.026449501514434814,0.0036902979481965303,0.030139800161123276,OOD-Far 1 ms
7,1.4398486614227295,0.03830550238490105,0.006047561764717102,0.04435306414961815,OOD-Far 1 ms
8,1.7965095043182373,0.024197319522500038,0.0032563447020947933,0.02745366469025612,OOD-Far 1 ms
9,1.8852386474609375,0.03364304080605507,0.004957813303917646,0.038600854575634,OOD-Far 1 ms
10,1.5170973539352417,0.024652278050780296,0.003326934529468417,0.027979211881756783,OOD-Far 1 ms
11,1.750685691833496,0.025929300114512444,0.003568293061107397,0.029497593641281128,OOD-Far 1 ms
12,1.5484648942947388,0.032029394060373306,0.00469226436689496,0.03672165796160698,OOD-Far 1 ms
13,1.554548978805542,0.03551577776670456,0.005412092432379723,0.04092787206172943,OOD-Far 1 ms
14,1.5626417398452759,0.03637562692165375,0.005518077872693539,0.04189370572566986,OOD-Far 1 ms
15,1.387229561805725,0.03185337409377098,0.004699681419879198,0.03655305504798889,OOD-Far 1 ms
16,1.929548740386963,0.026899995282292366,0.0036687299143522978,0.030568724498152733,OOD-Far 1 ms
17,1.376325011253357,0.023717066273093224,0.0031392318196594715,0.026856297627091408,OOD-Far 1 ms
18,1.7739545106887817,0.02458629198372364,0.003283444093540311,0.027869736775755882,OOD-Far 1 ms
19,1.5579341650009155,0.02691752463579178,0.003738856641575694,0.03065638057887554,OOD-Far 1 ms
20,1.4189828634262085,0.029975920915603638,0.0042973351664841175,0.03427325561642647,OOD-Far 1 ms
21,1.8323755264282227,0.034546565264463425,0.005022903438657522,0.039569467306137085,OOD-Far 1 ms
22,1.4829974174499512,0.025227343663573265,0.0034817152190953493,0.028709059581160545,OOD-Far 1 ms
23,1.5414916276931763,0.03258923813700676,0.004855858162045479,0.03744509816169739,OOD-Far 1 ms
24,1.778200387954712,0.031147198751568794,0.004549978766590357,0.035697177052497864,OOD-Far 1 ms
25,1.5770775079727173,0.03380656987428665,0.005196991376578808,0.039003562182188034,OOD-Far 1 ms
26,1.4948713779449463,0.03256805241107941,0.004783465526998043,0.037351518869400024,OOD-Far 1 ms
27,1.483182668685913,0.027705946937203407,0.0039044967852532864,0.03161044418811798,OOD-Far 1 ms
28,1.2531554698944092,0.02794618159532547,0.003955396357923746,0.03190157935023308,OOD-Far 1 ms
29,1.7149962186813354,0.030077381059527397,0.004481901414692402,0.034559283405542374,OOD-Far 1 ms
30,1.4977660179138184,0.03292792662978172,0.005079205613583326,0.03800713270902634,OOD-Far 1 ms
31,1.859462857246399,0.022728916257619858,0.00291442614980042,0.02564334310591221,OOD-Far 1 ms
32,1.6526459455490112,0.03336961194872856,0.005016919691115618,0.03838653117418289,OOD-Far 1 ms
33,1.6483186483383179,0.03283700719475746,0.005088528152555227,0.03792553395032883,OOD-Far 1 ms
34,1.5519386529922485,0.026440922170877457,0.003708713687956333,0.030149634927511215,OOD-Far 1 ms
35,1.556056022644043,0.025960760191082954,0.0035997023805975914,0.02956046164035797,OOD-Far 1 ms
36,1.718955159187317,0.02552870474755764,0.0035423156805336475,0.02907101996243,OOD-Far 1 ms
37,1.727747917175293,0.02898026444017887,0.004165946040302515,0.0331462100148201,OOD-Far 1 ms
38,1.3774707317352295,0.03680342808365822,0.005576656199991703,0.04238008335232735,OOD-Far 1 ms
39,1.5133662223815918,0.028183531016111374,0.0039996192790567875,0.03218315169215202,OOD-Far 1 ms
40,1.9031344652175903,0.024355661123991013,0.0032183281145989895,0.02757398970425129,OOD-Far 1 ms
41,1.2675107717514038,0.02860090136528015,0.004106929060071707,0.032707829028367996,OOD-Far 1 ms
42,1.534040093421936,0.02734926901757717,0.0038519510999321938,0.03120122104883194,OOD-Far 1 ms
43,1.5111560821533203,0.028758469969034195,0.0041252681985497475,0.03288373723626137,OOD-Far 1 ms
44,1.6036878824234009,0.03488911688327789,0.0050677089020609856,0.03995682671666145,OOD-Far 1 ms
45,1.2440881729125977,0.02625907212495804,0.003618262242525816,0.02987733483314514,OOD-Far 1 ms
46,1.2527023553848267,0.02929626777768135,0.004250060301274061,0.0335463285446167,OOD-Far 1 ms
47,1.5837138891220093,0.024583600461483,0.0033623233903199434,0.027945924550294876,OOD-Far 1 ms
48,1.3791512250900269,0.027601735666394234,0.0038862398359924555,0.031487975269556046,OOD-Far 1 ms
49,1.4186763763427734,0.02704644203186035,0.003749217139557004,0.030795659869909286,OOD-Far 1 ms
50,1.4445924758911133,0.030889330431818962,0.00461007934063673,0.03549940884113312,OOD-Far 1 ms
51,1.7116389274597168,0.03420526534318924,0.005101586226373911,0.03930685296654701,OOD-Far 1 ms
52,1.618419885635376,0.038608964532613754,0.006099511403590441,0.04470847547054291,OOD-Far 1 ms
53,1.3399004936218262,0.03828485682606697,0.005906597711145878,0.044191453605890274,OOD-Far 1 ms
54,1.6436982154846191,0.028068697080016136,0.003897033166140318,0.03196572884917259,OOD-Far 1 ms
55,1.4224375486373901,0.03223636746406555,0.004753532819449902,0.03698990121483803,OOD-Far 1 ms
56,1.497520089149475,0.02701805718243122,0.003747588489204645,0.03076564520597458,OOD-Far 1 ms
57,1.703391671180725,0.032697197049856186,0.004657660145312548,0.037354856729507446,OOD-Far 1 ms
58,1.4780962467193604,0.026098567992448807,0.0037203223910182714,0.029818890616297722,OOD-Far 1 ms
59,2.2027273178100586,0.021589037030935287,0.002771843457594514,0.024360880255699158,OOD-Far 1 ms
60,1.4721226692199707,0.028761593624949455,0.004151436500251293,0.032913029193878174,OOD-Far 1 ms
61,1.7383044958114624,0.03284711390733719,0.0049120779149234295,0.037759192287921906,OOD-Far 1 ms
62,1.450417160987854,0.03584691509604454,0.0055017052218317986,0.041348621249198914,OOD-Far 1 ms
63,1.4951376914978027,0.0327424556016922,0.004912538453936577,0.037654995918273926,OOD-Far 1 ms
64,1.5532070398330688,0.021661467850208282,0.002802334725856781,0.024463802576065063,OOD-Far 1 ms
65,1.5997530221939087,0.030117923393845558,0.004317379090934992,0.03443530201911926,OOD-Far 1 ms
66,1.7016327381134033,0.024451779201626778,0.003275298746302724,0.027727078646421432,OOD-Far 1 ms
67,1.5500415563583374,0.02512860670685768,0.003415884682908654,0.028544491156935692,OOD-Far 1 ms
68,1.4878642559051514,0.0250861756503582,0.0034316692035645247,0.028517844155430794,OOD-Far 1 ms
69,1.1062036752700806,0.02647818997502327,0.0036353652831166983,0.03011355549097061,OOD-Far 1 ms
70,1.552333116531372,0.03012973442673683,0.0043823374435305595,0.034512072801589966,OOD-Far 1 ms
71,1.4808778762817383,0.027474766597151756,0.003917239140719175,0.03139200434088707,OOD-Far 1 ms
72,1.5571932792663574,0.028513571247458458,0.004025767091661692,0.03253933787345886,OOD-Far 1 ms
73,1.3155972957611084,0.02759557031095028,0.003864385187625885,0.031459957361221313,OOD-Far 1 ms
74,1.5516326427459717,0.03224041312932968,0.004718863870948553,0.03695927560329437,OOD-Far 1 ms
75,1.258378505706787,0.02622395008802414,0.00367361749522388,0.029897566884756088,OOD-Far 1 ms
76,1.5986238718032837,0.04914408177137375,0.008286232128739357,0.05743031203746796,OOD-Far 1 ms
77,1.5034246444702148,0.02979600429534912,0.004184792283922434,0.03398079797625542,OOD-Far 1 ms
78,1.3559855222702026,0.03383646905422211,0.005092630162835121,0.03892909735441208,OOD-Far 1 ms
79,1.4986008405685425,0.026266412809491158,0.0036767872516065836,0.029943199828267097,OOD-Far 1 ms
80,1.7153269052505493,0.029796747490763664,0.004304096568375826,0.03410084545612335,OOD-Far 1 ms
81,1.6767083406448364,0.03429676964879036,0.005060576368123293,0.039357345551252365,OOD-Far 1 ms
82,1.7882503271102905,0.03374176844954491,0.004959489218890667,0.03870125859975815,OOD-Far 1 ms
83,1.6123110055923462,0.029495207592844963,0.004128481727093458,0.03362368792295456,OOD-Far 1 ms
84,1.4704276323318481,0.027411213144659996,0.003804492997005582,0.03121570684015751,OOD-Far 1 ms
85,1.6839656829833984,0.0273551307618618,0.003756594378501177,0.03111172467470169,OOD-Far 1 ms
86,1.920839548110962,0.028246304020285606,0.003945082891732454,0.03219138830900192,OOD-Far 1 ms
87,1.7924045324325562,0.025182414799928665,0.0033730962313711643,0.028555510565638542,OOD-Far 1 ms
88,1.8209455013275146,0.030452696606516838,0.004457983188331127,0.03491067886352539,OOD-Far 1 ms
89,1.4672374725341797,0.02469152957201004,0.0033415346406400204,0.028033064678311348,OOD-Far 1 ms
90,1.8844060897827148,0.025345778092741966,0.0034400583244860172,0.028785835951566696,OOD-Far 1 ms
91,1.3815587759017944,0.026804359629750252,0.003664780408143997,0.03046914003789425,OOD-Far 1 ms
92,1.3906288146972656,0.02696278505027294,0.003876577829942107,0.030839363113045692,OOD-Far 1 ms
93,1.6603283882141113,0.024903396144509315,0.0034681803081184626,0.028371576219797134,OOD-Far 1 ms
94,1.4281843900680542,0.029470855370163918,0.0041980501264333725,0.03366890549659729,OOD-Far 1 ms
95,1.3780940771102905,0.031551461666822433,0.004560514353215694,0.0361119769513607,OOD-Far 1 ms
96,1.6980828046798706,0.03373335674405098,0.005163676105439663,0.03889703378081322,OOD-Far 1 ms
97,1.421553611755371,0.030173098668456078,0.004307975526899099,0.034481074661016464,OOD-Far 1 ms
98,1.5074114799499512,0.024994920939207077,0.0034428872168064117,0.02843780815601349,OOD-Far 1 ms
99,1.7121272087097168,0.0256787221878767,0.003619813360273838,0.029298536479473114,OOD-Far 1 ms
100,1.4454054832458496,0.03296922147274017,0.004796719644218683,0.03776594251394272,OOD-Far 1 ms
101,1.4078842401504517,0.02652384527027607,0.0037325590383261442,0.030256403610110283,OOD-Far 1 ms
102,1.3408548831939697,0.02723650075495243,0.0037476597353816032,0.03098415955901146,OOD-Far 1 ms
103,1.637397050857544,0.02904031239449978,0.004065549001097679,0.03310586139559746,OOD-Far 1 ms
104,1.4284776449203491,0.03115113265812397,0.004478418733924627,0.035629551857709885,OOD-Far 1 ms
105,1.5792690515518188,0.03488020971417427,0.005249646492302418,0.040129855275154114,OOD-Far 1 ms
106,1.1682442426681519,0.025724371895194054,0.0035343258641660213,0.029258698225021362,OOD-Far 1 ms
107,1.4813803434371948,0.02477860078215599,0.003432357218116522,0.0282109584659338,OOD-Far 1 ms
108,1.7846375703811646,0.030174393206834793,0.004210321232676506,0.03438471257686615,OOD-Far 1 ms
109,1.2750802040100098,0.02981499396264553,0.004276771564036608,0.034091766923666,OOD-Far 1 ms
110,1.2227805852890015,0.029515136033296585,0.00435038423165679,0.03386551886796951,OOD-Far 1 ms
111,1.468416690826416,0.025371888652443886,0.003460309701040387,0.028832199051976204,OOD-Far 1 ms
112,1.563812255859375,0.029477233067154884,0.004230634309351444,0.0337078683078289,OOD-Far 1 ms
113,1.7627142667770386,0.027112146839499474,0.0037649848964065313,0.03087713196873665,OOD-Far 1 ms
114,1.5583419799804688,0.02843279391527176,0.003998797852545977,0.03243159130215645,OOD-Far 1 ms
115,1.624688982963562,0.024499624967575073,0.0033276479225605726,0.027827272191643715,OOD-Far 1 ms
116,1.1309244632720947,0.03500659763813019,0.005208238027989864,0.04021483659744263,OOD-Far 1 ms
117,1.3374286890029907,0.04130208492279053,0.006651123054325581,0.04795320704579353,OOD-Far 1 ms
118,1.6534887552261353,0.03761579468846321,0.005727952346205711,0.04334374517202377,OOD-Far 1 ms
119,1.5575246810913086,0.03964414447546005,0.006191916298121214,0.045836061239242554,OOD-Far 1 ms
120,1.483952283859253,0.023328101262450218,0.0030850025359541178,0.026413103565573692,OOD-Far 1 ms
121,1.5265882015228271,0.02313672937452793,0.0031211250461637974,0.02625785395503044,OOD-Far 1 ms
122,1.5206894874572754,0.029172290116548538,0.0041648391634225845,0.03333713114261627,OOD-Far 1 ms
123,1.563289761543274,0.026474932208657265,0.0036586003843694925,0.030133532360196114,OOD-Far 1 ms
124,1.5268791913986206,0.02529812790453434,0.0034624512773007154,0.028760578483343124,OOD-Far 1 ms
125,1.5508575439453125,0.02901555225253105,0.003989537246525288,0.033005088567733765,OOD-Far 1 ms
126,1.358719825744629,0.034940753132104874,0.0052176774479448795,0.040158431977033615,OOD-Far 1 ms
127,1.5274503231048584,0.029787957668304443,0.004310864023864269,0.03409882262349129,OOD-Far 1 ms
128,1.2799444198608398,0.03184910863637924,0.004677345510572195,0.036526452749967575,OOD-Far 1 ms
129,1.7342374324798584,0.02826193906366825,0.004088187124580145,0.03235012665390968,OOD-Far 1 ms
130,1.3703351020812988,0.03040304221212864,0.004417548421770334,0.034820590168237686,OOD-Far 1 ms
131,1.341346025466919,0.02321004867553711,0.00313842436298728,0.026348473504185677,OOD-Far 1 ms
132,1.8873400688171387,0.024710075929760933,0.003361900569871068,0.028071977198123932,OOD-Far 1 ms
133,1.9211502075195312,0.022463703528046608,0.0029005715623497963,0.02536427602171898,OOD-Far 1 ms
134,1.5061484575271606,0.031114250421524048,0.00459441589191556,0.03570866584777832,OOD-Far 1 ms
135,1.3302229642868042,0.026038626208901405,0.00356102641671896,0.02959965169429779,OOD-Far 1 ms
136,1.930463194847107,0.024786414578557014,0.003406672505661845,0.02819308638572693,OOD-Far 1 ms
137,1.3682243824005127,0.035074684768915176,0.005275490693747997,0.04035017639398575,OOD-Far 1 ms
138,1.6020692586898804,0.034851476550102234,0.005287055391818285,0.04013853147625923,OOD-Far 1 ms
139,1.8015509843826294,0.02345052920281887,0.0031459627207368612,0.026596492156386375,OOD-Far 1 ms
140,1.737166404724121,0.0321979895234108,0.004741245880723,0.03693923354148865,OOD-Far 1 ms
141,1.7117135524749756,0.025831298902630806,0.0035799501929432154,0.029411248862743378,OOD-Far 1 ms
142,1.600447654724121,0.027841387316584587,0.003891752799972892,0.03173314034938812,OOD-Far 1 ms
143,1.320002794265747,0.02631109580397606,0.0036154943518340588,0.029926590621471405,OOD-Far 1 ms
144,1.5197017192840576,0.031163958832621574,0.004606848116964102,0.035770807415246964,OOD-Far 1 ms
145,1.7861109972000122,0.024357620626688004,0.003296802518889308,0.02765442244708538,OOD-Far 1 ms
146,1.5413470268249512,0.029133351519703865,0.004141572397202253,0.033274922519922256,OOD-Far 1 ms
147,1.4866483211517334,0.024114340543746948,0.003248726250603795,0.027363067492842674,OOD-Far 1 ms
148,1.468096375465393,0.024696171283721924,0.0033884174190461636,0.028084589168429375,OOD-Far 1 ms
149,1.6582908630371094,0.03128419443964958,0.004474232438951731,0.035758428275585175,OOD-Far 1 ms
150,1.4992201328277588,0.029213227331638336,0.004190692212432623,0.0334039181470871,OOD-Far 1 ms
151,1.7850539684295654,0.029923340305685997,0.004265223629772663,0.034188564866781235,OOD-Far 1 ms
152,1.7774591445922852,0.040212251245975494,0.0064311763271689415,0.04664342850446701,OOD-Far 1 ms
153,1.6916677951812744,0.029495805501937866,0.004108879249542952,0.033604685217142105,OOD-Far 1 ms
154,1.277462363243103,0.02852240763604641,0.004111411049962044,0.03263381868600845,OOD-Far 1 ms
155,1.613898754119873,0.024623721837997437,0.0033471807837486267,0.027970902621746063,OOD-Far 1 ms
156,1.6090060472488403,0.032710179686546326,0.00478325504809618,0.03749343380331993,OOD-Far 1 ms
157,1.4142587184906006,0.03030727617442608,0.00446584727615118,0.034773122519254684,OOD-Far 1 ms
158,1.2599753141403198,0.028507309034466743,0.004052466247230768,0.032559774816036224,OOD-Far 1 ms
159,1.4929367303848267,0.028836583718657494,0.004010670352727175,0.03284725546836853,OOD-Far 1 ms
160,1.657045602798462,0.02807469293475151,0.003850685665383935,0.03192538022994995,OOD-Far 1 ms
161,1.6648482084274292,0.025015614926815033,0.0034906486980617046,0.028506264090538025,OOD-Far 1 ms
162,1.5589556694030762,0.02927023358643055,0.004165222868323326,0.033435456454753876,OOD-Far 1 ms
163,1.6934888362884521,0.029391098767518997,0.004136322066187859,0.03352741897106171,OOD-Far 1 ms
164,1.8170262575149536,0.025666018947958946,0.003578792093321681,0.029244810342788696,OOD-Far 1 ms
165,1.3907970190048218,0.02897222898900509,0.004177424591034651,0.03314965218305588,OOD-Far 1 ms
166,1.120522141456604,0.029550693929195404,0.004263678099960089,0.03381437063217163,OOD-Far 1 ms
167,1.1244838237762451,0.02579435519874096,0.0035902305971831083,0.029384585097432137,OOD-Far 1 ms
168,1.4789639711380005,0.03175467625260353,0.004594544414430857,0.03634922206401825,OOD-Far 1 ms
169,1.5442478656768799,0.031156230717897415,0.004596977028995752,0.03575320914387703,OOD-Far 1 ms
170,1.6493360996246338,0.0258466936647892,0.0035439073108136654,0.029390601441264153,OOD-Far 1 ms
171,1.2183831930160522,0.034533072263002396,0.00525267468765378,0.03978574648499489,OOD-Far 1 ms
172,1.8884689807891846,0.028155555948615074,0.003955677151679993,0.032111234962940216,OOD-Far 1 ms
173,1.7242587804794312,0.025147737935185432,0.003397583030164242,0.0285453200340271,OOD-Far 1 ms
174,1.6814326047897339,0.02975171059370041,0.00429680896922946,0.034048520028591156,OOD-Far 1 ms
175,1.8102484941482544,0.026386432349681854,0.0036694477312266827,0.030055880546569824,OOD-Far 1 ms
176,1.4404406547546387,0.026025714352726936,0.003552362322807312,0.02957807667553425,OOD-Far 1 ms
177,1.4639664888381958,0.030552156269550323,0.004486920312047005,0.03503907471895218,OOD-Far 1 ms
178,1.5965760946273804,0.025365926325321198,0.0034372927621006966,0.02880321815609932,OOD-Far 1 ms
179,1.5341216325759888,0.028384102508425713,0.00400747824460268,0.03239158168435097,OOD-Far 1 ms
180,1.75827956199646,0.026926131919026375,0.003802128601819277,0.030728260055184364,OOD-Far 1 ms
181,1.5545212030410767,0.025097571313381195,0.0034691630862653255,0.028566734865307808,OOD-Far 1 ms
182,1.737933874130249,0.027670729905366898,0.00391132477670908,0.0315820537507534,OOD-Far 1 ms
183,1.4653232097625732,0.0427502803504467,0.006830024532973766,0.04958030581474304,OOD-Far 1 ms
184,1.3339934349060059,0.026729656383395195,0.0036893526557832956,0.030419008806347847,OOD-Far 1 ms
185,1.6659257411956787,0.03066338784992695,0.004446520935744047,0.035109907388687134,OOD-Far 1 ms
186,1.098920226097107,0.026440788060426712,0.0036659014876931906,0.030106689780950546,OOD-Far 1 ms
187,1.5928393602371216,0.030103329569101334,0.004302834626287222,0.034406162798404694,OOD-Far 1 ms
188,1.7344329357147217,0.02687402255833149,0.003647363279014826,0.030521385371685028,OOD-Far 1 ms
189,1.6204588413238525,0.02687765285372734,0.003713704878464341,0.030591357499361038,OOD-Far 1 ms
190,1.493177890777588,0.031093668192625046,0.004548676777631044,0.0356423445045948,OOD-Far 1 ms
191,1.215976357460022,0.022542912513017654,0.0029769609682261944,0.025519873946905136,OOD-Far 1 ms
192,2.0953681468963623,0.02424413338303566,0.0032543898560106754,0.027498522773385048,OOD-Far 1 ms
193,1.5907459259033203,0.025293342769145966,0.003465965623036027,0.02875930815935135,OOD-Far 1 ms
194,1.842299461364746,0.027043987065553665,0.003846988547593355,0.030890975147485733,OOD-Far 1 ms
195,1.579261064529419,0.02617281675338745,0.0035921011585742235,0.029764918610453606,OOD-Far 1 ms
196,1.5573383569717407,0.027309635654091835,0.0038178444374352694,0.031127480790019035,OOD-Far 1 ms
197,1.4714456796646118,0.025263454765081406,0.003477935679256916,0.028741389513015747,OOD-Far 1 ms
198,1.7084996700286865,0.021821463480591774,0.0028147618286311626,0.024636225774884224,OOD-Far 1 ms
199,1.8613373041152954,0.02912743017077446,0.0040639410726726055,0.03319137170910835,OOD-Far 1 ms
